2023,10,2,22908, CRP, CREMA PURA,25,15
2023,10,2,22908, JACC, JAMON CALIFORNIA CAPIS (PRO),77,1
2023,10,2,22909, QUAM, ADOBERA FUNDIR MOY 1/4KG 139,34.75,5
2023,10,2,22909, ADMO1, ADOBERA MESA IMPERIAL ORO 1KG 105,105,1.115
2023,10,2,22909, QUOSJ1, QUESO OAXACA IMPERIAL ORO 1/4KG 122,30.5,4
2023,10,2,22909, QU, QUESO PANELA IMPERIAL 69,45,2
2023,10,2,22910, CRCCHORRO, CREMA IMPERIAL              ,44,6.15
2023,10,2,22911, MAD, MARGARINA DAISY 1KG,55,1
2023,10,2,22911, CHRV3A, CHILES RAJAS VITROLERO 3.8KG,69,1
2023,10,2,22911, CRE, CREMA EXTRA,34,2
2023,10,2,22911, CRIO, CREMA IMPERIAL ORO,59,1
2023,10,2,22912, TOI, TOCINO IMPERIAL ,112,0.5
2023,10,2,22913, QUOIMK, QUESO OAXACA IMPERIAL 1/4KG 89,22.25,4.0045
2023,10,2,22913, CRCCHORRO, CREMA IMPERIAL              ,44,1
2023,10,2,22914, QUC1, QUESO COTIJA SECO 1 TROZO 107,107,5
2023,10,2,22915, CRIO, CREMA IMPERIAL ORO,59,1
2023,10,2,22916, QUAMM, ADOBERA FUNDIR MOY 1/2KG 139,69.5,3
2023,10,2,22916, QUAM, ADOBERA FUNDIR MOY 1/4KG 139,34.75,3
2023,10,2,22916, ADMO1, ADOBERA MESA IMPERIAL ORO 1KG 105,105,3.245
2023,10,2,22916, QUCH, QUESO CHIHUAHUA IMPERIAL 1KG 125,125,1
2023,10,2,22916, QUPC, QUESO PANELA IMPERIAL CUADRADA 1KG 69,69,1.54
2023,10,2,22917, CRL4, CREMA LALA 4L CUBETA  (PRO),219,2
2023,10,2,22917, CUE1M, CUERITOS ENTEROS 1KG MAYOREO,17,10
2023,10,2,22917, QUC1, QUESO COTIJA SECO 1 TROZO 107,107,3.25
2023,10,2,22918, QUC1, QUESO COTIJA SECO 1 TROZO 107,107,0.25
2023,10,2,22919, CRIO, CREMA IMPERIAL ORO,59,1
2023,10,2,22920, QU, QUESO PANELA IMPERIAL 69,45,0.892307692
2023,10,2,22920, QUD1, QUESO DAISY A GRANEL,56,0.384
2023,10,2,22920, CRCCHORRO, CREMA IMPERIAL              ,44,0.5
2023,10,2,22921, CRCCHORRO, CREMA IMPERIAL              ,44,1
2023,10,2,22922, CRIO, CREMA IMPERIAL ORO,59,1
2023,10,2,22923, CRP, CREMA PURA,22,12
2023,10,2,22924, CRIO, CREMA IMPERIAL ORO,59,1
2023,10,2,22925, CRCCHORRO, CREMA IMPERIAL              ,44,1.5
2023,10,2,22925, JAPCPR, JAMON PIERNA CAPIS (PRO),99,1
2023,10,2,22926, QUAMK, ADOBERA FUNDIR MOY 1KG 139,139,14.04
2023,10,2,22927, QUOIM, QUESO OAXACA IMPERIAL 1/2KG 89,44.5,1
2023,10,2,22927, CRIO, CREMA IMPERIAL ORO,59,0.5
2023,10,2,22928, QU, QUESO PANELA IMPERIAL 69,45,2
2023,10,2,22929, QUAM, ADOBERA FUNDIR MOY 1/4KG 139,34.75,2
2023,10,2,22929, CHEP, CHORIZO EL PASTOR 89 (PRO),89,5.06
2023,10,2,22929, JAR, JAMON AMERICANO RIOJA (PRO),71,10
2023,10,2,22930, CHPR, CHICHARRON PRENSADO ROJO (PRO) 129,129,7.4
2023,10,2,22931, ADMO1, ADOBERA MESA IMPERIAL ORO 1KG 105,105,2.905
2023,10,2,22931, QUFSMM1, ADOBERA SAN MIGUEL DORADA 1K (PRO) 135,134,2.545
2023,10,2,22931, QUC1, QUESO COTIJA SECO 1 TROZO 107,107,1.15
2023,10,2,22931, CRE, CREMA EXTRA,34,4
2023,10,2,22932, CRE, CREMA EXTRA,34,1
2023,10,2,22933, ADFS, ADOBERA FUNDIR SANDRITA 1/4KG 165,41.25,5
2023,10,2,22933, ADFSK, ADOBERA FUNDIR SANDRITA 165,165,1.055
2023,10,2,22933, TOEIP, TOCINO ESPECIAL IMPERIAL 122 ,122,0.5
2023,10,2,22934, QUCMI, QUESO CUBICADO MIXTO IMPERIAL (PRO),79.5,1
2023,10,2,22935, CUP1, CUERITOS PICADOS IMPERIAL 1KG,17.5,3
2023,10,2,22935, CRP, CREMA PURA,22,2
2023,10,2,22936, QUAM, ADOBERA FUNDIR MOY 1/4KG 139,34.75,8
2023,10,2,22936, QUC1M, QUESO COTIJA SECO 1 MOLIDO 107,107,1
2023,10,2,22937, ADMO1, ADOBERA MESA IMPERIAL ORO 1KG 105,105,1.04
2023,10,2,22937, CRCCHORRO, CREMA IMPERIAL              ,44,2
2023,10,2,22938, CRE, CREMA EXTRA,34,0.5
2023,10,2,22939, CALDCM, CAJETA LUPERCIO DOBLE CREMA 1/2KG(PRO),31,1
2023,10,2,22939, QUPCB, QUESO PANELA ORO 85 ,55,1
2023,10,2,22939, QUM, QUESO MOLIDO MONARCA ,76,1
2023,10,2,22939, CRCCHORRO, CREMA IMPERIAL              ,44,2
2023,10,2,22939, TOEIP, TOCINO ESPECIAL IMPERIAL 122 ,122,0.25
2023,10,2,22940, LED5, LECHERA ALTE√ëA DUPAOLI 5K CUBETA CHICA,238,2
2023,10,2,22941, CUP1, CUERITOS PICADOS IMPERIAL 1KG,17.5,6
2023,10,2,22942, CRCCHORRO, CREMA IMPERIAL              ,44,8
2023,10,2,22943, REZ, REQUESON ORDENA (PRO) 43,43,1.31
2023,10,2,22944, CALDC1, CAJETA LUPERCIO DOBLE CREMA 1KG (PRO),59,1
2023,10,2,22945, QUAMM, ADOBERA FUNDIR MOY 1/2KG 139,69.5,1
2023,10,2,22945, QUMM, QUESO MOLIDO MONARCA 5KG BOLSA ,377.5,3
2023,10,2,22945, CRCMCHORROMAY, CREMA IMPERIAL MAYOREO,43,34
2023,10,2,22946, JAMAP, JAMON MORTADELA AROOS (PRO),44,0.5
2023,10,2,22947, QUC1, QUESO COTIJA SECO 1 TROZO 107,107,2.2
2023,10,2,22947, CRCCHORRO, CREMA IMPERIAL              ,44,2
2023,10,2,22948, QUFSMM1, ADOBERA SAN MIGUEL DORADA 1K (PRO) 135,134,6.105
2023,10,2,22948, QUFSMM1, ADOBERA SAN MIGUEL DORADA 1K (PRO) 135,134,1.525
2023,10,2,22948, MAD, MARGARINA DAISY 1KG,55,4
2023,10,2,22948, CRIO, CREMA IMPERIAL ORO,59,1
2023,10,2,22949, QUCMMD, QUESO CUBICADO MIXTO MAYOREO (PRO),77.5,30
2023,10,2,22949, CRIOC, CREMA IMPERIAL ORO CUBETA 18KG,1064,1
2023,10,2,22950, QUMEVB, QUESO MOLIDO ECONOMICO VANIA (PRO) 5KG,137.5,1
2023,10,2,22951, CRL4, CREMA LALA 4L CUBETA  (PRO),219,3
2023,10,2,22952, CRE, CREMA EXTRA,34,3
2023,10,2,22953, CRE, CREMA EXTRA,34,1.5
2023,10,2,22954, CREC, CREMA EXTRA CUBETA 18KG,614,12
2023,10,2,22955, QU, QUESO PANELA IMPERIAL 69,45,1
2023,10,2,22955, CRP, CREMA PURA,22,2
2023,10,2,22956, QUAMM, ADOBERA FUNDIR MOY 1/2KG 139,69.5,2
2023,10,2,22956, QUAM, ADOBERA FUNDIR MOY 1/4KG 139,34.75,6
2023,10,2,22956, ADFS, ADOBERA FUNDIR SANDRITA 1/4KG 165,41.25,6
2023,10,2,22956, CUMK, CUERITOS MEXICANO 1KG,22.5,4
2023,10,2,22956, REIO, REQUESON IMPERIAL ORO 47,47,1
2023,10,2,22956, JAPVVV, JAMON PAVO AROOS (PRO),71.5,1
2023,10,2,22957, CRP, CREMA PURA,22,20
2023,10,2,22958, CRL4, CREMA LALA 4L CUBETA  (PRO),219,4
2023,10,2,22959, QUFSMD, ADOBERA SAN MIGUEL DORADA 1/4KG 135,33.5,8
2023,10,2,22959, QUCCMDI, QUESO MIXTO IMPERIAL (PRO) (SEPULVEDA),74.5,2
2023,10,2,22960, CRE, CREMA EXTRA,34,3
2023,10,2,22961, TOHIR, TORTILLA HARINA IMPERIAL 8PZ,12.5,3
2023,10,2,22961, CRCCHORRO, CREMA IMPERIAL              ,44,10
2023,10,2,22962, ADMO1, ADOBERA MESA IMPERIAL ORO 1KG 105,105,6.515
2023,10,2,22963, QUPC1, CUERITOS PICADOS CASTA√ëEDA 1KG (PRO),21,1
2023,10,2,22964, ADFRK, ADOBERA FUNDIR RAMIREZ 1KG (PRO) 106,106,23.84
2023,10,2,22964, REZM, REQUESON ORDENA MAYOR DIEZ (PRO) 41,41,12
2023,10,2,22964, CUP1, CUERITOS PICADOS IMPERIAL 1KG,17.5,8
2023,10,2,22964, CRPM, CREMA PURA MAYOREO,21,35
2023,10,2,22965, CHPR, CHICHARRON PRENSADO ROJO (PRO) 129,129,5
2023,10,2,22965, ZCAPG, CATSUP EN PORCIONES 8GR (1000PZ) (GMI),195,5
2023,10,2,22965, CRP, CREMA PURA,22,3
2023,10,2,22966, CRCCHORRO, CREMA IMPERIAL              ,44,3
2023,10,2,22967, QUOIM, QUESO OAXACA IMPERIAL 1/2KG 89,44.5,1
2023,10,2,22968, ACOM1, ACEITE OLIVA E.V. MONASTERIO 1L,89,2
2023,10,2,22969, TOEIP, TOCINO ESPECIAL IMPERIAL 122 ,122,0.25
2023,10,2,22970, QUAMK, ADOBERA FUNDIR MOY 1KG 139,139,0.49
2023,10,2,22971, CRL4, CREMA LALA 4L CUBETA  (PRO),219,6
2023,10,2,22972, ARRI, ARRACHERA MARINADA IMPERIAL,84,2
2023,10,2,22972, CUP1, CUERITOS PICADOS IMPERIAL 1KG,17.5,1
2023,10,2,22972, QUCB, QUESO CREMA IMPERIAL KILO,53,1
2023,10,2,22973, ADFSK, ADOBERA FUNDIR SANDRITA 165,165,2.43
2023,10,2,22973, ADMO1, ADOBERA MESA IMPERIAL ORO 1KG 105,105,2.12
2023,10,2,22973, CRIO, CREMA IMPERIAL ORO,59,4
2023,10,2,22973, JAYR, JAMON YORK RIOJA (PRO),101.5,4
2023,10,2,22974, CRLL, CREMA LALA 900L ROJA,69,1
2023,10,2,22974, QUC1, QUESO COTIJA SECO 1 TROZO 107,107,4.1
2023,10,2,22974, CRCCHORRO, CREMA IMPERIAL              ,44,8
2023,10,2,22975, QUPC, QUESO PANELA IMPERIAL CUADRADA 1KG 69,69,1
2023,10,2,22975, REIO, REQUESON IMPERIAL ORO 47,47,0.5
2023,10,2,22975, CRCCHORRO, CREMA IMPERIAL              ,44,1
2023,10,2,22976, CRCCHORRO, CREMA IMPERIAL              ,44,1
2023,10,2,22977, QUOSJ, QUESO OAXACA IMPERIAL ORO 1/2KG 122,61,1
2023,10,2,22977, CRIO, CREMA IMPERIAL ORO,59,0.5
2023,10,2,22978, CRCCHORRO, CREMA IMPERIAL              ,44,3
2023,10,2,22979, ADMO1, ADOBERA MESA IMPERIAL ORO 1KG 105,105,5.8
2023,10,2,22979, QUFSMM1, ADOBERA SAN MIGUEL DORADA 1K (PRO) 135,134,4.04
2023,10,2,22979, QUFSMDM, ADOBERA SAN MIGUEL DORADA 1/2KG 135,67,8
2023,10,2,22980, ARRI, ARRACHERA MARINADA IMPERIAL,84,20
2023,10,2,22981, CUE1, CUERITOS ENTEROS IMPERIAL 1KG,17.5,1
2023,10,2,22982, QUCMI, QUESO CUBICADO MIXTO IMPERIAL (PRO),79.5,6
2023,10,2,22982, JAR, JAMON AMERICANO RIOJA (PRO),71,3
2023,10,2,22983, CRE, CREMA EXTRA,34,8
2023,10,2,22984, REZ, REQUESON ORDENA (PRO) 43,43,4
2023,10,2,22984, TOI, TOCINO IMPERIAL ,112,2
2023,10,2,22985, MAD1K, MANTEQUILLA DAISY 1KG,107,2
2023,10,2,22986, QUAMK, ADOBERA FUNDIR MOY 1KG 139,139,2.405
2023,10,2,22987, CRIO, CREMA IMPERIAL ORO,59,0.5
2023,10,2,22988, REZ, REQUESON ORDENA (PRO) 43,43,1.5
2023,10,2,22988, QUFSMDM, ADOBERA SAN MIGUEL DORADA 1/2KG 135,67,1
2023,10,2,22989, QUOSMM, QUESO OAXACA SAN MIGUEL 1/2K (PRO) 136,68,1
2023,10,2,22989, REIO, REQUESON IMPERIAL ORO 47,47,0.5
2023,10,2,22989, SAPY, SALCHICHA PAVO YOSSI (PRO) ,75,1
2023,10,2,22989, ZAV3, ZANAHORIA VITROLERO 3.8KG,34,1
2023,10,2,22990, CRIO, CREMA IMPERIAL ORO,59,0.5
2023,10,2,22991, QU, QUESO PANELA IMPERIAL 69,45,1
2023,10,2,22992, CHRZG, CHILES RAJAS GRANEL (PRO),37,1.5
2023,10,2,22993, QUC1, QUESO COTIJA SECO 1 TROZO 107,107,3.32
2023,10,2,22994, ADMO1, ADOBERA MESA IMPERIAL ORO 1KG 105,105,2.015
2023,10,2,22994, CRIO, CREMA IMPERIAL ORO,59,2
2023,10,2,22995, QUAM, ADOBERA FUNDIR MOY 1/4KG 139,34.75,6
2023,10,2,22995, CRIO, CREMA IMPERIAL ORO,59,2
2023,10,2,22996, ADFS, ADOBERA FUNDIR SANDRITA 1/4KG 165,41.25,1
2023,10,2,22997, CRIO, CREMA IMPERIAL ORO,59,3
2023,10,2,22998, CAYG, CATSUP YOLI GALON,70,2
2023,10,2,22998, MOP3, MOLE PROVINCIANO 3KG,194,1
2023,10,2,22999, ADMO1, ADOBERA MESA IMPERIAL ORO 1KG 105,105,3.79
2023,10,2,23000, QUCAI, QUESO COTIJA ANEJO IMPERIAL 154,154,0.685
2023,10,2,23000, REIO, REQUESON IMPERIAL ORO 47,47,0.58
2023,10,2,23001, EXQAD, EXHIBIDOR QUESO AMARILLO DAISY,93,1
2023,10,2,23001, CHRZG, CHILES RAJAS GRANEL (PRO),37,1
2023,10,2,23001, TOZFR1, TOCINO ESPECIAL ACOMODADO 129,129,0.25
2023,10,2,23002, JUSZL, JUGO SAZONADOR LOVE KITCHEN 1L (PRO),82,1
2023,10,2,23002, CRE, CREMA EXTRA,34,3
2023,10,2,23003, CRIO, CREMA IMPERIAL ORO,59,1
2023,10,2,23004, JAEA, JAMON ESPALDILLA AROOS (PRO),44,3
2023,10,2,23005, CUE1, CUERITOS ENTEROS IMPERIAL 1KG,17.5,4
2023,10,2,23005, SAYMD, SALCHICHA HOT DOG YOSSI  MAYOREO (PRO),85,10
2023,10,2,23005, CARA, CARNE RES AMPARITO 1KG,66,3
2023,10,2,23006, QUM, QUESO MOLIDO MONARCA ,76,4
2023,10,2,23006, REIO, REQUESON IMPERIAL ORO 47,47,2
2023,10,2,23006, QUC1M, QUESO COTIJA SECO 1 MOLIDO 107,107,1
2023,10,2,23006, CRZP, CREMA ORDE√ëA (PRO),29,6
2023,10,2,23007, QUPC1, CUERITOS PICADOS CASTA√ëEDA 1KG (PRO),21,1
2023,10,2,23008, CHGV, CHILES GUEROS VITROLERO 3KG,210,1
2023,10,2,23009, REZM, REQUESON ORDENA MAYOR DIEZ (PRO) 41,41,10
2023,10,2,23010, ADMO1, ADOBERA MESA IMPERIAL ORO 1KG 105,105,3
2023,10,2,23011, CRCCHORRO, CREMA IMPERIAL              ,44,1
2023,10,2,23012, TOI, TOCINO IMPERIAL ,112,2
2023,10,2,23012, CRCCHORRO, CREMA IMPERIAL              ,44,6
2023,10,2,23013, CRCCHORRO, CREMA IMPERIAL              ,44,4
2023,10,2,23014, RET, RECORTE TOCINO IMPERIAL,69,0.25
2023,10,2,23015, SAPZC1, SALCHICHA PAVO CAPIS 1KG (PRO),62,2
2023,10,2,23015, CRE, CREMA EXTRA,34,5
2023,10,2,23015, TOZFR1, TOCINO ESPECIAL ACOMODADO 129,129,1
2023,10,2,23016, QUAM, ADOBERA FUNDIR MOY 1/4KG 139,34.75,8
2023,10,2,23016, ADMO1, ADOBERA MESA IMPERIAL ORO 1KG 105,105,2.08
2023,10,2,23017, CHRZG, CHILES RAJAS GRANEL (PRO),37,1
2023,10,2,23017, JAR, JAMON AMERICANO RIOJA (PRO),71,1
2023,10,2,23018, CRE, CREMA EXTRA,34,1
2023,10,2,23018, CRP, CREMA PURA,22,1
2023,10,2,23019, CUP1, CUERITOS PICADOS IMPERIAL 1KG,17.5,10
2023,10,2,23020, QUOSJ1, QUESO OAXACA IMPERIAL ORO 1/4KG 122,30.5,4
2023,10,2,23020, QU, QUESO PANELA IMPERIAL 69,45,1
2023,10,2,23020, EXQAS, EXHIBIDOR QUESO AMARILLO SABINO,119,1
2023,10,2,23021, CRIO, CREMA IMPERIAL ORO,59,0.25
2023,10,2,23022, CRCCHORRO, CREMA IMPERIAL              ,44,2
2023,10,2,23022, JAR, JAMON AMERICANO RIOJA (PRO),71,0.5
2023,10,2,23023, ARRI, ARRACHERA MARINADA IMPERIAL,84,1
2023,10,2,23023, QUCMI, QUESO CUBICADO MIXTO IMPERIAL (PRO),79.5,3
2023,10,2,23023, CHRV3, CHILES RODAJAS VITROLERO 3.8KG,69,1
2023,10,2,23024, CRCCHORRO, CREMA IMPERIAL              ,44,3
2023,10,2,23025, JAR, JAMON AMERICANO RIOJA (PRO),71,1
2023,10,2,23026, CRIO, CREMA IMPERIAL ORO,59,0.5
2023,10,2,23027, ARRI, ARRACHERA MARINADA IMPERIAL,84,1
2023,10,2,23028, JAR, JAMON AMERICANO RIOJA (PRO),71,5
2023,10,2,23028, CAYGC, CATSUP YOLI GALON (4PZ),273,1
2023,10,2,23029, SAYM, SALCHICHA HOT DOG YOSSI (PRO),87,1
2023,10,2,23029, CHRZG, CHILES RAJAS GRANEL (PRO),37,0.5
2023,10,2,23029, TOEIP, TOCINO ESPECIAL IMPERIAL 122 ,122,0.25
2023,10,2,23030, CRP, CREMA PURA,22,1
2023,10,2,23031, CRIO, CREMA IMPERIAL ORO,59,1
2023,10,2,23032, CRE, CREMA EXTRA,34,4
2023,10,2,23032, JAPCPR, JAMON PIERNA CAPIS (PRO),99,1
2023,10,2,23033, ACOM1, ACEITE OLIVA E.V. MONASTERIO 1L,89,2
2023,10,2,23034, SAVZC1, SALCHICHA VIENA CAPIS 1KG (PRO),57.5,1
2023,10,2,23035, TOHIR, TORTILLA HARINA IMPERIAL 8PZ,12.5,2
2023,10,2,23036, QUCMMD, QUESO CUBICADO MIXTO MAYOREO (PRO),77.5,50
2023,10,2,23036, JAR, JAMON AMERICANO RIOJA (PRO),71,3
2023,10,2,23037, JACR, JAMON COCIDO RIOJA (PRO),63,1
2023,10,2,23038, QU, QUESO PANELA IMPERIAL 69,45,1
2023,10,2,23039, QUFSMM1, ADOBERA SAN MIGUEL DORADA 1K (PRO) 135,134,2.585
2023,10,2,23040, CRZP, CREMA ORDE√ëA (PRO),29,4
2023,10,2,23041, QUAMM, ADOBERA FUNDIR MOY 1/2KG 139,69.5,1
2023,10,2,23041, QUAMK, ADOBERA FUNDIR MOY 1KG 139,139,1
2023,10,2,23041, CHRZG, CHILES RAJAS GRANEL (PRO),37,0.25
2023,10,2,23041, CRP, CREMA PURA,22,0.5
2023,10,2,23041, CRP, CREMA PURA,22,2
2023,10,2,23042, QUOIP, QUESO OAXACA IMPERIAL PLATO (PRO) 89,89,2
2023,10,2,23043, QUAMM, ADOBERA FUNDIR MOY 1/2KG 139,69.5,4
2023,10,2,23043, QUFSMD, ADOBERA SAN MIGUEL DORADA 1/4KG 135,33.5,12
2023,10,2,23043, QUFSMDM, ADOBERA SAN MIGUEL DORADA 1/2KG 135,67,8
2023,10,2,23043, CARA, CARNE RES AMPARITO 1KG,66,1
2023,10,2,23043, CRIO, CREMA IMPERIAL ORO,59,6
2023,10,2,23043, JAYR, JAMON YORK RIOJA (PRO),101.5,6
2023,10,2,23044, QUOIM, QUESO OAXACA IMPERIAL 1/2KG 89,44.5,1
2023,10,2,23045, QUAMK, ADOBERA FUNDIR MOY 1KG 139,139,3.925
2023,10,2,23046, QUCAI, QUESO COTIJA ANEJO IMPERIAL 154,154,7.08
2023,10,2,23047, CALDCM, CAJETA LUPERCIO DOBLE CREMA 1/2KG(PRO),31,10
2023,10,2,23047, REIO, REQUESON IMPERIAL ORO 47,47,2
2023,10,2,23047, CRIO, CREMA IMPERIAL ORO,59,3
2023,10,2,23048, CRIO, CREMA IMPERIAL ORO,59,0.5
2023,10,2,23049, ADMOMD, ADOBERA MESA IMPERIAL ORO MAYOREO 103,103,16.47
2023,10,2,23049, REIO, REQUESON IMPERIAL ORO 47,47,8
2023,10,2,23049, CRCMCHORROMAY, CREMA IMPERIAL MAYOREO,43,15
2023,10,2,23050, QUCMI, QUESO CUBICADO MIXTO IMPERIAL (PRO),79.5,1
2023,10,2,23050, CRE, CREMA EXTRA,34,2
2023,10,2,23051, QU, QUESO PANELA IMPERIAL 69,45,1
2023,10,2,23052, QUFSMDM, ADOBERA SAN MIGUEL DORADA 1/2KG 135,67,2
2023,10,2,23053, QUCC2, QUESO CREMA IMPERIAL 2.2KG,112,1
2023,10,2,23053, REIO, REQUESON IMPERIAL ORO 47,47,0.25
2023,10,2,23054, QUFSMM1, ADOBERA SAN MIGUEL DORADA 1K (PRO) 135,134,1.055
2023,10,2,23054, CHPR, CHICHARRON PRENSADO ROJO (PRO) 129,129,1.215
2023,10,2,23055, CUPIM, CUERITOS PICADOS 1KG MAYOREO,17,10
2023,10,2,23055, CHPR, CHICHARRON PRENSADO ROJO (PRO) 129,129,7.06
2023,10,2,23056, CRCCHORRO, CREMA IMPERIAL              ,44,3
2023,10,2,23057, QUAMM, ADOBERA FUNDIR MOY 1/2KG 139,69.5,10
2023,10,2,23058, CHRV3A, CHILES RAJAS VITROLERO 3.8KG,69,1
2023,10,2,23058, CAYG, CATSUP YOLI GALON,70,2
2023,10,2,23058, PEP3, PEPIAN PROVINCIANO 3KG,194,1
2023,10,2,23058, CRCCHORRO, CREMA IMPERIAL              ,44,5
2023,10,2,23059, CRL450, CREMA LALA 426ML ROJA,34,1
2023,10,2,23060, CRCCHORRO, CREMA IMPERIAL              ,44,1
2023,10,2,23061, QUOSJ, QUESO OAXACA IMPERIAL ORO 1/2KG 122,61,4
2023,10,2,23062, SAPZC2, SALCHICHA PAVO CAPIS 2.5KG (PRO),134,1
2023,10,2,23062, JAVPCAP, JAMON VIRGINIA PAVO CAPIS (PRO),111,1.5
2023,10,2,23063, CHRZG, CHILES RAJAS GRANEL (PRO),37,1
2023,10,2,23064, QU, QUESO PANELA IMPERIAL 69,45,1.046153846
2023,10,2,23065, CRCCHORRO, CREMA IMPERIAL              ,44,2
2023,10,2,23065, CRIO, CREMA IMPERIAL ORO,59,3
2023,10,2,23066, ADMO1, ADOBERA MESA IMPERIAL ORO 1KG 105,105,3.15
2023,10,2,23066, CRCCHORRO, CREMA IMPERIAL              ,44,2
2023,10,2,23067, QUAMMM, QUESO ASADERO MOY 1KG (PRO),134,3.975
2023,10,2,23067, CRCCHORRO, CREMA IMPERIAL              ,44,2
2023,10,2,23068, ADMO1, ADOBERA MESA IMPERIAL ORO 1KG 105,105,2
2023,10,2,23069, QUAMK, ADOBERA FUNDIR MOY 1KG 139,139,0.98
2023,10,2,23069, QUOIMK, QUESO OAXACA IMPERIAL 1/4KG 89,22.25,5.31
2023,10,2,23069, QUCB, QUESO CREMA IMPERIAL KILO,53,1
2023,10,2,23070, CRCCHORRO, CREMA IMPERIAL              ,44,4
2023,10,2,23071, QUOIC, QUESO OAXACA IMPERIAL 1KG 89,89,0.98
2023,10,2,23072, CRIO, CREMA IMPERIAL ORO,59,0.5
2023,10,2,23072, TOEIP, TOCINO ESPECIAL IMPERIAL 122 ,122,0.25
2023,10,2,23073, CRCCHORRO, CREMA IMPERIAL              ,44,0.5
2023,10,2,23074, ARRI, ARRACHERA MARINADA IMPERIAL,84,15
2023,10,2,23074, TOJI, TORTILLA HARINA IMPERIAL 10PZ JUMBO ,42,3
2023,10,2,23075, REZM, REQUESON ORDENA MAYOR DIEZ (PRO) 41,41,40
2023,10,2,23076, CRIO, CREMA IMPERIAL ORO,59,1
2023,10,2,23077, JAR, JAMON AMERICANO RIOJA (PRO),71,0.5
2023,10,2,23078, CRCCHORRO, CREMA IMPERIAL              ,44,2
2023,10,2,23079, QUMEV, QUESO MOLIDO ECONOMICO VANIA (PRO),28,1
2023,10,2,23079, QUM, QUESO MOLIDO MONARCA ,76,1
2023,10,2,23079, CRZP, CREMA ORDE√ëA (PRO),29,3
2023,10,2,23080, CARA, CARNE RES AMPARITO 1KG,66,3
2023,10,2,23081, MOP3, MOLE PROVINCIANO 3KG,194,1
2023,10,2,23081, CRP, CREMA PURA,22,3
2023,10,2,23082, CRE, CREMA EXTRA,34,3
2023,10,2,23082, JAPCPR, JAMON PIERNA CAPIS (PRO),99,0.5
2023,10,2,23083, JAR, JAMON AMERICANO RIOJA (PRO),71,4
2023,10,2,23083, TOZFR1, TOCINO ESPECIAL ACOMODADO 129,129,3
2023,10,2,23084, QU, QUESO PANELA IMPERIAL 69,45,1
2023,10,2,23084, CRCCHORRO, CREMA IMPERIAL              ,44,1.5
2023,10,2,23084, CRP, CREMA PURA,22,1.5
2023,10,2,23085, CRIO, CREMA IMPERIAL ORO,59,1
2023,10,2,23086, CRCCHORRO, CREMA IMPERIAL              ,44,1
2023,10,2,23087, RET, RECORTE TOCINO IMPERIAL,69,0.5
2023,10,2,23088, JAPCPR, JAMON PIERNA CAPIS (PRO),99,0.75
2023,10,2,23089, ADMO1, ADOBERA MESA IMPERIAL ORO 1KG 105,105,3
2023,10,2,23089, JAR, JAMON AMERICANO RIOJA (PRO),71,5
2023,10,2,23090, CRCCHORRO, CREMA IMPERIAL              ,44,2
2023,10,2,23091, RET, RECORTE TOCINO IMPERIAL,69,0.5
2023,10,2,23092, QUPC, QUESO PANELA IMPERIAL CUADRADA 1KG 69,69,6.18
2023,10,2,23093, QU, QUESO PANELA IMPERIAL 69,45,1.107692308
2023,10,2,23093, QUFSMDM, ADOBERA SAN MIGUEL DORADA 1/2KG 135,67,2
2023,10,2,23093, CARA, CARNE RES AMPARITO 1KG,66,1
2023,10,2,23094, ARRI, ARRACHERA MARINADA IMPERIAL,84,1
2023,10,2,23095, CRIO, CREMA IMPERIAL ORO,59,4
2023,10,2,23096, CHPR, CHICHARRON PRENSADO ROJO (PRO) 129,129,9.58
2023,10,2,23097, QUAM, ADOBERA FUNDIR MOY 1/4KG 139,34.75,3
2023,10,2,23098, ARRI, ARRACHERA MARINADA IMPERIAL,84,1
2023,10,2,23098, CARA, CARNE RES AMPARITO 1KG,66,1
2023,10,2,23098, CRIO, CREMA IMPERIAL ORO,59,0.25
2023,10,2,23099, ADMO1, ADOBERA MESA IMPERIAL ORO 1KG 105,105,4.205
2023,10,2,23099, QUOSC, QUESO OAXACA IMPERIAL ORO 1KG 122,122,1
2023,10,2,23099, QUMEVB, QUESO MOLIDO ECONOMICO VANIA (PRO) 5KG,137.5,1
2023,10,2,23099, QUMM, QUESO MOLIDO MONARCA 5KG BOLSA ,377.5,1
2023,10,2,23100, CRE, CREMA EXTRA,34,3
2023,10,2,23101, REZ, REQUESON ORDENA (PRO) 43,43,7
2023,10,2,23102, QUCC2, QUESO CREMA IMPERIAL 2.2KG,112,1
2023,10,2,23102, LED24C, LECHERA DUPAOLI 24KG CUBETA GRANDE,1105,1
2023,10,2,23103, CRZP, CREMA ORDE√ëA (PRO),29,3
2023,10,2,23104, ARRI, ARRACHERA MARINADA IMPERIAL,84,10
2023,10,2,23104, TOJI, TORTILLA HARINA IMPERIAL 10PZ JUMBO ,42,2
2023,10,2,23104, CRCCUCHORRO, CREMA IMPERIAL CUBETA 18KG,785,1
2023,10,2,23105, CRCCHORRO, CREMA IMPERIAL              ,44,1
2023,10,2,23106, ADMO1, ADOBERA MESA IMPERIAL ORO 1KG 105,105,2.21
2023,10,2,23107, CARA, CARNE RES AMPARITO 1KG,66,3
2023,10,2,23108, TOI, TOCINO IMPERIAL ,112,0.25
2023,10,2,23109, CRIO, CREMA IMPERIAL ORO,59,2
2023,10,2,23109, TOEIP, TOCINO ESPECIAL IMPERIAL 122 ,122,0.25
2023,10,2,23110, CRL4, CREMA LALA 4L CUBETA  (PRO),219,1
2023,10,2,23111, QUC1, QUESO COTIJA SECO 1 TROZO 107,107,0.53
2023,10,2,23112, CRCCHORRO, CREMA IMPERIAL              ,44,1
2023,10,2,23113, QUAMM, ADOBERA FUNDIR MOY 1/2KG 139,69.5,2
2023,10,2,23113, QUCMI, QUESO CUBICADO MIXTO IMPERIAL (PRO),79.5,2
2023,10,2,23113, QUC1, QUESO COTIJA SECO 1 TROZO 107,107,0.5
2023,10,2,23114, QUAMM, ADOBERA FUNDIR MOY 1/2KG 139,69.5,8
2023,10,2,23114, CRCCHORRO, CREMA IMPERIAL              ,44,4
2023,10,2,23115, EXQAS, EXHIBIDOR QUESO AMARILLO SABINO,119,1
2023,10,2,23115, JAYR, JAMON YORK RIOJA (PRO),101.5,1
2023,10,2,23115, TOZFR1, TOCINO ESPECIAL ACOMODADO 129,129,2
2023,10,2,23116, MAD, MARGARINA DAISY 1KG,55,3
2023,10,2,23117, REIO, REQUESON IMPERIAL ORO 47,47,1
2023,10,2,23117, CRE, CREMA EXTRA,34,1
2023,10,2,23118, QUOIC, QUESO OAXACA IMPERIAL 1KG 89,89,1.405
2023,10,2,23118, CUE1, CUERITOS ENTEROS IMPERIAL 1KG,17.5,1
2023,10,2,23118, CRE, CREMA EXTRA,34,2
2023,10,2,23119, QUOSC, QUESO OAXACA IMPERIAL ORO 1KG 122,122,0.98
2023,10,2,23119, SAVZCM, SALCHICHA VIENA CAPIS 1/2KG (PRO),32.5,1
2023,10,2,23120, QUOIC, QUESO OAXACA IMPERIAL 1KG 89,89,4.86
2023,10,2,23120, QUPC, QUESO PANELA IMPERIAL CUADRADA 1KG 69,69,2.41
2023,10,2,23120, CRCCHORRO, CREMA IMPERIAL              ,44,6
2023,10,2,23121, QUOSC, QUESO OAXACA IMPERIAL ORO 1KG 122,122,1.035
2023,10,2,23121, QUPCO, QUESO PANELA ORO 1K CUADRADA 85,85,1.19
2023,10,2,23121, REIO, REQUESON IMPERIAL ORO 47,47,1
2023,10,2,23121, CRIO, CREMA IMPERIAL ORO,59,1
2023,10,2,23122, QUPC, QUESO PANELA IMPERIAL CUADRADA 1KG 69,69,1.1
2023,10,2,23122, QUC1, QUESO COTIJA SECO 1 TROZO 107,107,1.22
2023,10,2,23122, CRCCHORRO, CREMA IMPERIAL              ,44,2
2023,10,3,23123, QUAMK, ADOBERA FUNDIR MOY 1KG 139,139,0.97
2023,10,3,23124, ARRI, ARRACHERA MARINADA IMPERIAL,84,10
2023,10,3,23125, CUMK, CUERITOS MEXICANO 1KG,22.5,1
2023,10,3,23125, CAYG, CATSUP YOLI GALON,70,1
2023,10,3,23125, LED5, LECHERA ALTE√ëA DUPAOLI 5K CUBETA CHICA,238,1
2023,10,3,23125, CRCCHORRO, CREMA IMPERIAL              ,44,2
2023,10,3,23126, ADFRM, ADOBERA FUNDIR RAMIREZ 1/2KG (PRO) 106,53,4
2023,10,3,23126, QUC1, QUESO COTIJA SECO 1 TROZO 107,107,2.29
2023,10,3,23127, CARA, CARNE RES AMPARITO 1KG,66,1
2023,10,3,23128, ADFRK, ADOBERA FUNDIR RAMIREZ 1KG (PRO) 106,106,4.76
2023,10,3,23129, REZ, REQUESON ORDENA (PRO) 43,43,0.25
2023,10,3,23130, QUFSMM1, ADOBERA SAN MIGUEL DORADA 1K (PRO) 135,134,1.05
2023,10,3,23130, REIO, REQUESON IMPERIAL ORO 47,47,2
2023,10,3,23130, CRIO, CREMA IMPERIAL ORO,59,1.5
2023,10,3,23131, CHPR, CHICHARRON PRENSADO ROJO (PRO) 129,129,1.17
2023,10,3,23132, QUOSC, QUESO OAXACA IMPERIAL ORO 1KG 122,122,0.95
2023,10,3,23132, RE, REQUESON IMPERIAL 37,37,0.58
2023,10,3,23132, SAPZC1, SALCHICHA PAVO CAPIS 1KG (PRO),62,1
2023,10,3,23132, CRIO, CREMA IMPERIAL ORO,59,0.5
2023,10,3,23133, QUPC, QUESO PANELA IMPERIAL CUADRADA 1KG 69,69,4.925
2023,10,3,23134, CHRZG, CHILES RAJAS GRANEL (PRO),37,1
2023,10,3,23134, JAEA, JAMON ESPALDILLA AROOS (PRO),44,1
2023,10,3,23135, QU, QUESO PANELA IMPERIAL 69,45,0.953846154
2023,10,3,23136, ARRI, ARRACHERA MARINADA IMPERIAL,83,4
2023,10,3,23137, CRCCHORRO, CREMA IMPERIAL              ,44,2
2023,10,3,23138, CRCCHORRO, CREMA IMPERIAL              ,44,0.5
2023,10,3,23139, QUCB, QUESO CREMA IMPERIAL KILO,53,1
2023,10,3,23139, CRIO, CREMA IMPERIAL ORO,59,3
2023,10,3,23140, CRP, CREMA PURA,22,2
2023,10,3,23141, QUOSJ1, QUESO OAXACA IMPERIAL ORO 1/4KG 122,30.5,3
2023,10,3,23142, CRBLK, CREMA PARA BATIR LYNCOTT 1L,87,4
2023,10,3,23143, ARRI, ARRACHERA MARINADA IMPERIAL,84,10
2023,10,3,23144, TOHIR, TORTILLA HARINA IMPERIAL 8PZ,12.5,1
2023,10,3,23144, CRCCHORRO, CREMA IMPERIAL              ,44,0.5
2023,10,3,23144, JACC, JAMON CALIFORNIA CAPIS (PRO),77,0.25
2023,10,3,23145, QUOSMM, QUESO OAXACA SAN MIGUEL 1/2K (PRO) 136,68,1
2023,10,3,23145, QUFSMDM, ADOBERA SAN MIGUEL DORADA 1/2KG 135,67,1
2023,10,3,23146, CRL4, CREMA LALA 4L CUBETA  (PRO),219,1
2023,10,3,23146, CRBLK, CREMA PARA BATIR LYNCOTT 1L,87,2
2023,10,3,23147, QUCC2, QUESO CREMA IMPERIAL 2.2KG,112,1
2023,10,3,23147, QUCMI, QUESO CUBICADO MIXTO IMPERIAL (PRO),79.5,6
2023,10,3,23147, JAR, JAMON AMERICANO RIOJA (PRO),71,3
2023,10,3,23148, QUC1, QUESO COTIJA SECO 1 TROZO 107,107,0.25
2023,10,3,23148, CRCCHORRO, CREMA IMPERIAL              ,44,0.5
2023,10,3,23149, ZAVCP, ZANAHORIAS CASTANEDA CUBETA (PRO),129,1
2023,10,3,23150, QUAMK, ADOBERA FUNDIR MOY 1KG 139,139,2.89
2023,10,3,23150, QUAMK, ADOBERA FUNDIR MOY 1KG 139,139,3.69
2023,10,3,23150, CRIO, CREMA IMPERIAL ORO,59,8
2023,10,3,23150, JAR, JAMON AMERICANO RIOJA (PRO),71,7
2023,10,3,23151, CRE, CREMA EXTRA,34,2
2023,10,3,23151, CRCCHORRO, CREMA IMPERIAL              ,44,5
2023,10,3,23152, JAEA, JAMON ESPALDILLA AROOS (PRO),44,0.25
2023,10,3,23152, TOEIP, TOCINO ESPECIAL IMPERIAL 122 ,122,0.25
2023,10,3,23153, CRL4, CREMA LALA 4L CUBETA  (PRO),219,1
2023,10,3,23154, CRP, CREMA PURA,22,4
2023,10,3,23155, CRCCHORRO, CREMA IMPERIAL              ,44,1
2023,10,3,23156, CRIO, CREMA IMPERIAL ORO,59,0.5
2023,10,3,23157, QUCMI, QUESO CUBICADO MIXTO IMPERIAL (PRO),79.5,2
2023,10,3,23157, JAR, JAMON AMERICANO RIOJA (PRO),71,1
2023,10,3,23158, QUOIM, QUESO OAXACA IMPERIAL 1/2KG 89,44.5,1.5
2023,10,3,23158, QU, QUESO PANELA IMPERIAL 69,45,1.030769231
2023,10,3,23158, TOI, TOCINO IMPERIAL ,112,0.5
2023,10,3,23158, CRCCHORRO, CREMA IMPERIAL              ,44,0.5
2023,10,3,23158, CRCCHORRO, CREMA IMPERIAL              ,44,1
2023,10,3,23159, ADFSK, ADOBERA FUNDIR SANDRITA 165,165,3.22
2023,10,3,23159, QUOIC, QUESO OAXACA IMPERIAL 1KG 89,89,3.15
2023,10,3,23159, ARRI, ARRACHERA MARINADA IMPERIAL,83,2
2023,10,3,23159, CUP1, CUERITOS PICADOS IMPERIAL 1KG,17.5,4
2023,10,3,23159, CRCCHORRO, CREMA IMPERIAL              ,44,6
2023,10,3,23160, QUC1, QUESO COTIJA SECO 1 TROZO 107,107,3.5
2023,10,3,23161, QUAMM, ADOBERA FUNDIR MOY 1/2KG 139,69.5,1
2023,10,3,23161, ADMO1, ADOBERA MESA IMPERIAL ORO 1KG 105,105,1.06
2023,10,3,23161, MAD1K, MANTEQUILLA DAISY 1KG,107,3
2023,10,3,23161, SAVZC1, SALCHICHA VIENA CAPIS 1KG (PRO),57.5,1
2023,10,3,23161, CAYG, CATSUP YOLI GALON,70,1
2023,10,3,23162, CUMK, CUERITOS MEXICANO 1KG,22.5,8
2023,10,3,23163, CRIO, CREMA IMPERIAL ORO,59,0.5
2023,10,3,23164, QUOIP, QUESO OAXACA IMPERIAL PLATO (PRO) 89,89,1.025
2023,10,3,23164, QU, QUESO PANELA IMPERIAL 69,45,2.915384615
2023,10,3,23165, CRIO, CREMA IMPERIAL ORO,59,0.5
2023,10,3,23166, CRIO, CREMA IMPERIAL ORO,59,0.5
2023,10,3,23167, QUOIC, QUESO OAXACA IMPERIAL 1KG 89,89,1
2023,10,3,23168, QUCIMA, QUESO ASADERO CHELITA  1KG,89,1
2023,10,3,23168, QUCCMDI, QUESO MIXTO IMPERIAL (PRO) (SEPULVEDA),74.5,50
2023,10,3,23168, JARI, JAMON AMERICANO RIOJA (PRO)(SEPULVEDA),70,15
2023,10,3,23168, CAP, CATSUP EN PORCIONES 8GR (1000PZ)GRANDE,209,1
2023,10,3,23168, CHSP, CHILE SECO EN PORCIONES (1000PZ) CAJA,179,1
2023,10,3,23168, MOP, MOSTAZA EN PORCIONES 8GR (1000PZ),236,1
2023,10,3,23169, SAPZC2, SALCHICHA PAVO CAPIS 2.5KG (PRO),134,2
2023,10,3,23169, JAEA, JAMON ESPALDILLA AROOS (PRO),44,4
2023,10,3,23170, QUOSJ, QUESO OAXACA IMPERIAL ORO 1/2KG 122,61,1
2023,10,3,23171, QUFSMDM, ADOBERA SAN MIGUEL DORADA 1/2KG 135,67,1
2023,10,3,23171, QUCMI, QUESO CUBICADO MIXTO IMPERIAL (PRO),79.5,1
2023,10,3,23172, TOZFR1, TOCINO ESPECIAL ACOMODADO 129,129,1
2023,10,3,23173, REIO, REQUESON IMPERIAL ORO 47,47,1
2023,10,3,23174, CARA, CARNE RES AMPARITO 1KG,66,1
2023,10,3,23174, CAYG, CATSUP YOLI GALON,70,1
2023,10,3,23175, CRCCHORRO, CREMA IMPERIAL              ,44,3
2023,10,3,23176, TOHIR, TORTILLA HARINA IMPERIAL 8PZ,12.5,1
2023,10,3,23176, CRZP, CREMA ORDE√ëA (PRO),29,0.5
2023,10,3,23176, JAEA, JAMON ESPALDILLA AROOS (PRO),44,0.5
2023,10,3,23177, QUOSM, QUESO OAXACA SAN MIGUEL 1KG (PRO) 136,136,0.54
2023,10,3,23177, TOHIR, TORTILLA HARINA IMPERIAL 8PZ,12.5,5
2023,10,3,23178, QUMEVB, QUESO MOLIDO ECONOMICO VANIA (PRO) 5KG,137.5,2
2023,10,3,23178, CREM, CREMA EXTRA MAYOREO,33,10
2023,10,3,23179, QUMM, QUESO MOLIDO MONARCA 5KG BOLSA ,377.5,1
2023,10,3,23180, CRIO, CREMA IMPERIAL ORO,59,0.5
2023,10,3,23181, QU, QUESO PANELA IMPERIAL 69,45,1
2023,10,3,23181, CHRV3A, CHILES RAJAS VITROLERO 3.8KG,69,1
2023,10,3,23181, CRP, CREMA PURA,22,3
2023,10,3,23182, ARRI, ARRACHERA MARINADA IMPERIAL,83,8
2023,10,3,23182, CREC, CREMA EXTRA CUBETA 18KG,614,2
2023,10,3,23182, CRCCUCHORRO, CREMA IMPERIAL CUBETA 18KG,785,1
2023,10,3,23183, ADMO1, ADOBERA MESA IMPERIAL ORO 1KG 105,105,4.24
2023,10,3,23183, QUCC2, QUESO CREMA IMPERIAL 2.2KG,112,1
2023,10,3,23183, JAR, JAMON AMERICANO RIOJA (PRO),71,8
2023,10,3,23184, CRCCHORRO, CREMA IMPERIAL              ,44,2
2023,10,3,23185, QUCLA, QUESO CHIHUAHUA LA ALTE√ëA 1KG 136,136,1.94
2023,10,3,23185, QUOSC, QUESO OAXACA IMPERIAL ORO 1KG 122,122,0.995
2023,10,3,23186, QUOIP, QUESO OAXACA IMPERIAL PLATO (PRO) 89,89,2
2023,10,3,23187, CRCCHORRO, CREMA IMPERIAL              ,44,1
2023,10,3,23188, CRE, CREMA EXTRA,34,4
2023,10,3,23189, JACR, JAMON COCIDO RIOJA (PRO),63,0.5
2023,10,3,23189, TOEIP, TOCINO ESPECIAL IMPERIAL 122 ,122,0.25
2023,10,3,23190, ADMO1, ADOBERA MESA IMPERIAL ORO 1KG 105,105,1.235
2023,10,3,23190, QU, QUESO PANELA IMPERIAL 69,45,2.046153846
2023,10,3,23190, CRE, CREMA EXTRA,34,1
2023,10,3,23191, CRCCHORRO, CREMA IMPERIAL              ,44,3
2023,10,3,23192, QUAMK, ADOBERA FUNDIR MOY 1KG 139,139,1
2023,10,3,23193, ARRI, ARRACHERA MARINADA IMPERIAL,83,10
2023,10,3,23193, BORI, CHILES RODAJAS IMPERIAL 3KG BOLSA,62,1
2023,10,3,23193, CRCCHORRO, CREMA IMPERIAL              ,44,1
2023,10,3,23194, QUC1, QUESO COTIJA SECO 1 TROZO 107,107,9.51
2023,10,3,23195, ADMO1, ADOBERA MESA IMPERIAL ORO 1KG 105,105,2.04
2023,10,3,23195, CRIO, CREMA IMPERIAL ORO,59,4
2023,10,3,23196, QUPCB, QUESO PANELA ORO 85 ,55,0.9
2023,10,3,23196, QUFSMDM, ADOBERA SAN MIGUEL DORADA 1/2KG 135,67,1.1
2023,10,3,23196, TOI, TOCINO IMPERIAL ,112,0.6
2023,10,3,23197, EXQAS, EXHIBIDOR QUESO AMARILLO SABINO,119,1
2023,10,3,23197, CRCCHORRO, CREMA IMPERIAL              ,44,5
2023,10,3,23198, QUAM, ADOBERA FUNDIR MOY 1/4KG 139,34.75,6
2023,10,3,23198, CRCCHORRO, CREMA IMPERIAL              ,44,3
2023,10,3,23199, QUOSJ, QUESO OAXACA IMPERIAL ORO 1/2KG 122,61,3
2023,10,3,23199, CRIO, CREMA IMPERIAL ORO,59,1
2023,10,3,23199, TOEIP, TOCINO ESPECIAL IMPERIAL 122 ,122,0.25
2023,10,3,23200, QUAMK, ADOBERA FUNDIR MOY 1KG 139,139,1.25
2023,10,3,23201, QUAMK, ADOBERA FUNDIR MOY 1KG 139,139,3.835
2023,10,3,23201, QUAMK, ADOBERA FUNDIR MOY 1KG 139,139,0.485
2023,10,3,23201, QUOSMM, QUESO OAXACA SAN MIGUEL 1/2K (PRO) 136,68,3
2023,10,3,23201, QUPCO, QUESO PANELA ORO 1K CUADRADA 85,85,1.17
2023,10,3,23201, RE, REQUESON IMPERIAL 37,37,0.5
2023,10,3,23201, CRIO, CREMA IMPERIAL ORO,59,3.5
2023,10,3,23201, JAR, JAMON AMERICANO RIOJA (PRO),71,3
2023,10,3,23202, QUCMI, QUESO CUBICADO MIXTO IMPERIAL (PRO),79.5,1
2023,10,3,23203, CUMK, CUERITOS MEXICANO 1KG,22.5,1
2023,10,3,23204, QUCMI, QUESO CUBICADO MIXTO IMPERIAL (PRO),79.5,1
2023,10,3,23204, QUM, QUESO MOLIDO MONARCA ,76,0.5
2023,10,3,23204, CHRZG, CHILES RAJAS GRANEL (PRO),37,0.5
2023,10,3,23204, CRP, CREMA PURA,22,1
2023,10,3,23205, QU, QUESO PANELA IMPERIAL 69,45,1.892307692
2023,10,3,23205, REIO, REQUESON IMPERIAL ORO 47,47,1
2023,10,3,23205, CRCCHORRO, CREMA IMPERIAL              ,44,2
2023,10,3,23206, QUOIC, QUESO OAXACA IMPERIAL 1KG 89,89,1.39
2023,10,3,23206, QUOSC, QUESO OAXACA IMPERIAL ORO 1KG 122,122,0.975
2023,10,3,23206, CRCCHORRO, CREMA IMPERIAL              ,44,4
2023,10,3,23207, CUP1, CUERITOS PICADOS IMPERIAL 1KG,17.5,4
2023,10,3,23207, CRCCHORRO, CREMA IMPERIAL              ,44,1
2023,10,3,23208, JAR, JAMON AMERICANO RIOJA (PRO),71,0.5
2023,10,3,23209, QUM, QUESO MOLIDO MONARCA ,76,2
2023,10,3,23209, REIO, REQUESON IMPERIAL ORO 47,47,3
2023,10,3,23209, CHPR, CHICHARRON PRENSADO ROJO (PRO) 129,129,2.1
2023,10,3,23209, CRIO, CREMA IMPERIAL ORO,59,1
2023,10,3,23210, REIO, REQUESON IMPERIAL ORO 47,47,0.25
2023,10,3,23211, QUAMK, ADOBERA FUNDIR MOY 1KG 139,139,1.93
2023,10,3,23211, ADFSK, ADOBERA FUNDIR SANDRITA 165,165,1.95
2023,10,3,23212, CRL4, CREMA LALA 4L CUBETA  (PRO),219,1
2023,10,3,23213, CRIO, CREMA IMPERIAL ORO,59,1
2023,10,3,23214, CRIO, CREMA IMPERIAL ORO,59,0.5
2023,10,3,23215, ADFSK, ADOBERA FUNDIR SANDRITA 165,165,2.41
2023,10,3,23215, ADMO1, ADOBERA MESA IMPERIAL ORO 1KG 105,105,6.25
2023,10,3,23215, CUE1, CUERITOS ENTEROS IMPERIAL 1KG,17.5,5
2023,10,3,23215, CRE, CREMA EXTRA,34,5
2023,10,3,23216, CRCCHORRO, CREMA IMPERIAL              ,44,2
2023,10,3,23217, REZ, REQUESON ORDENA (PRO) 43,43,0.26
2023,10,3,23218, ARRI, ARRACHERA MARINADA IMPERIAL,84,1
2023,10,3,23218, QUCMMD, QUESO CUBICADO MIXTO MAYOREO (PRO),77.5,10
2023,10,3,23218, JAR, JAMON AMERICANO RIOJA (PRO),71,2
2023,10,3,23219, QUCMI, QUESO CUBICADO MIXTO IMPERIAL (PRO),79.5,1
2023,10,3,23219, QUMEV, QUESO MOLIDO ECONOMICO VANIA (PRO),28,1
2023,10,3,23219, CRP, CREMA PURA,22,1
2023,10,3,23219, JACR, JAMON COCIDO RIOJA (PRO),63,0.25
2023,10,3,23220, CRCCHORRO, CREMA IMPERIAL              ,44,1
2023,10,3,23221, QU, QUESO PANELA IMPERIAL 69,45,1
2023,10,3,23221, CRE, CREMA EXTRA,34,2
2023,10,3,23222, ARRI, ARRACHERA MARINADA IMPERIAL,84,3
2023,10,3,23222, QUCMI, QUESO CUBICADO MIXTO IMPERIAL (PRO),79.5,5
2023,10,3,23223, CRCCHORRO, CREMA IMPERIAL              ,44,8
2023,10,3,23224, CRE, CREMA EXTRA,34,4
2023,10,3,23225, CRIO, CREMA IMPERIAL ORO,59,6
2023,10,3,23226, ADMOMD, ADOBERA MESA IMPERIAL ORO MAYOREO 103,103,10.17
2023,10,3,23227, QUFSMDM, ADOBERA SAN MIGUEL DORADA 1/2KG 135,67,2
2023,10,3,23227, TOI, TOCINO IMPERIAL ,112,1
2023,10,3,23227, CRCCHORRO, CREMA IMPERIAL              ,44,2
2023,10,3,23227, JAR, JAMON AMERICANO RIOJA (PRO),71,1
2023,10,3,23228, CRE, CREMA EXTRA,34,0.5
2023,10,3,23229, CRIO, CREMA IMPERIAL ORO,59,0.5
2023,10,3,23230, ADMO1, ADOBERA MESA IMPERIAL ORO 1KG 105,105,5.105
2023,10,3,23230, QUOSJ1, QUESO OAXACA IMPERIAL ORO 1/4KG 122,30.5,6
2023,10,3,23231, CRZP, CREMA ORDE√ëA (PRO),29,1
2023,10,3,23232, CRL4, CREMA LALA 4L CUBETA  (PRO),219,6
2023,10,3,23233, ADMO1, ADOBERA MESA IMPERIAL ORO 1KG 105,105,4.25
2023,10,3,23233, ARRI, ARRACHERA MARINADA IMPERIAL,84,10
2023,10,3,23233, JAR, JAMON AMERICANO RIOJA (PRO),71,5
2023,10,3,23234, QUOIMK, QUESO OAXACA IMPERIAL 1/4KG 89,22.25,4
2023,10,3,23234, QUCB, QUESO CREMA IMPERIAL KILO,53,1
2023,10,3,23235, QUAM, ADOBERA FUNDIR MOY 1/4KG 139,34.75,4
2023,10,3,23236, ADMO1, ADOBERA MESA IMPERIAL ORO 1KG 105,105,12.36
2023,10,3,23236, QUC1PC, QUESO COTIJA SECO 1 PIEZA CHICA 3K 107,321,1
2023,10,3,23236, QUOIP, QUESO OAXACA IMPERIAL PLATO (PRO) 89,89,5
2023,10,3,23236, QUPC1, CUERITOS PICADOS CASTA√ëEDA 1KG (PRO),21,12
2023,10,3,23236, EXQAS, EXHIBIDOR QUESO AMARILLO SABINO,119,1
2023,10,3,23236, JAEA, JAMON ESPALDILLA AROOS (PRO),44,4
2023,10,3,23237, CRIOC, CREMA IMPERIAL ORO CUBETA 18KG,1064,1
2023,10,3,23238, QU, QUESO PANELA IMPERIAL 69,45,0.984615385
2023,10,3,23239, ARRI, ARRACHERA MARINADA IMPERIAL,84,6
2023,10,3,23239, QUCMI, QUESO CUBICADO MIXTO IMPERIAL (PRO),79.5,2
2023,10,3,23240, QUC1, QUESO COTIJA SECO 1 TROZO 107,107,0.3
2023,10,3,23241, SAVA, SALCHICHA VIENA AROOS 1K PAQUETE CHICO,39,1
2023,10,3,23242, REIO, REQUESON IMPERIAL ORO 47,47,0.5
2023,10,3,23242, CRCCHORRO, CREMA IMPERIAL              ,44,1
2023,10,3,23243, REZ, REQUESON ORDENA (PRO) 43,43,3
2023,10,3,23243, CRCCHORRO, CREMA IMPERIAL              ,44,1
2023,10,3,23244, CRCCHORRO, CREMA IMPERIAL              ,44,6
2023,10,3,23245, CRCCHORRO, CREMA IMPERIAL              ,44,4
2023,10,3,23246, ADFSK, ADOBERA FUNDIR SANDRITA 165,165,1.69
2023,10,3,23246, TOI, TOCINO IMPERIAL ,112,0.25
2023,10,3,23246, JAYR, JAMON YORK RIOJA (PRO),101.5,4
2023,10,3,23247, QUCB, QUESO CREMA IMPERIAL KILO,53,12
2023,10,3,23248, CARA, CARNE RES AMPARITO 1KG,66,2
2023,10,3,23249, CRCCHORRO, CREMA IMPERIAL              ,44,1
2023,10,3,23250, CRE, CREMA EXTRA,34,2
2023,10,3,23251, ARRI, ARRACHERA MARINADA IMPERIAL,84,4
2023,10,3,23251, RET, RECORTE TOCINO IMPERIAL,69,1
2023,10,3,23251, CRE, CREMA EXTRA,34,7
2023,10,3,23251, JAR, JAMON AMERICANO RIOJA (PRO),71,1.5
2023,10,3,23252, CRL4, CREMA LALA 4L CUBETA  (PRO),219,2
2023,10,3,23253, JARP, JAMON AMERICANO RIOJA (PRO) 70,437,3
2023,10,3,23253, CHPR, CHICHARRON PRENSADO ROJO (PRO) 129,129,5
2023,10,3,23254, CRLL, CREMA LALA 900L ROJA,69,1
2023,10,3,23254, QUCMI, QUESO CUBICADO MIXTO IMPERIAL (PRO),79.5,1
2023,10,3,23255, QU, QUESO PANELA IMPERIAL 69,45,2
2023,10,3,23255, JAPVVV, JAMON PAVO AROOS (PRO),71.5,0.5
2023,10,3,23256, TOIP, TOCINO IMPERIAL PIEZA 109,350,1
2023,10,3,23257, CRZP, CREMA ORDE√ëA (PRO),29,5
2023,10,3,23257, JAEA, JAMON ESPALDILLA AROOS (PRO),44,1
2023,10,3,23258, QUCAM, QUESO CHIHUAHUA ALTE√ëA 1KG MAYOREO 134,134,1
2023,10,3,23259, ADMO1, ADOBERA MESA IMPERIAL ORO 1KG 105,105,2.06
2023,10,3,23260, QUCIMA, QUESO ASADERO CHELITA  1KG,89,1
2023,10,3,23260, CRCCHORRO, CREMA IMPERIAL              ,44,0.5
2023,10,3,23261, QUPCB, QUESO PANELA ORO 85 ,55,1
2023,10,3,23261, SAPAZ, LA CLAVE CAMBIO,56,1
2023,10,3,23262, QUOIC, QUESO OAXACA IMPERIAL 1KG 89,89,1.03
2023,10,3,23262, QU, QUESO PANELA IMPERIAL 69,45,0.953846154
2023,10,3,23262, RE, REQUESON IMPERIAL 37,37,0.22
2023,10,3,23263, CRIO, CREMA IMPERIAL ORO,59,4
2023,10,3,23264, ADMO1, ADOBERA MESA IMPERIAL ORO 1KG 105,105,4.26
2023,10,3,23264, JAR, JAMON AMERICANO RIOJA (PRO),71,6
2023,10,3,23265, CRIO, CREMA IMPERIAL ORO,59,1
2023,10,3,23266, ADMO1, ADOBERA MESA IMPERIAL ORO 1KG 105,105,1.02
2023,10,3,23266, QUAMMM, QUESO ASADERO MOY 1KG (PRO),134,1
2023,10,3,23266, CRCCHORRO, CREMA IMPERIAL              ,44,6
2023,10,3,23267, TOHIR, TORTILLA HARINA IMPERIAL 8PZ,12.5,1
2023,10,3,23268, ARRI, ARRACHERA MARINADA IMPERIAL,84,2
2023,10,3,23269, ADMO1, ADOBERA MESA IMPERIAL ORO 1KG 105,105,1.085
2023,10,3,23269, CRIO, CREMA IMPERIAL ORO,59,1
2023,10,3,23270, ARRI, ARRACHERA MARINADA IMPERIAL,83,8
2023,10,3,23271, CUE1, CUERITOS ENTEROS IMPERIAL 1KG,17.5,2
2023,10,3,23271, QUN1, QUESO PARA NACHOS SABINO 1KG,24,3
2023,10,3,23271, SAYM, SALCHICHA HOT DOG YOSSI (PRO),87,2
2023,10,3,23272, QUAMK, ADOBERA FUNDIR MOY 1KG 139,139,2.99
2023,10,3,23272, JAYR, JAMON YORK RIOJA (PRO),101.5,8
2023,10,3,23273, QUC1, QUESO COTIJA SECO 1 TROZO 107,107,7.59
2023,10,3,23274, MAD1K, MANTEQUILLA DAISY 1KG,107,1
2023,10,3,23275, CAT4, CATSUP TITA 4.5KG,89,1
2023,10,3,23275, TOEIP, TOCINO ESPECIAL IMPERIAL 122 ,122,0.5
2023,10,3,23276, QUFSMM1, ADOBERA SAN MIGUEL DORADA 1K (PRO) 135,134,10.21
2023,10,3,23276, QUCMMD, QUESO CUBICADO MIXTO MAYOREO (PRO),77.5,10
2023,10,3,23277, QUFSMD, ADOBERA SAN MIGUEL DORADA 1/4KG 135,33.5,6
2023,10,3,23277, QUFSMM1, ADOBERA SAN MIGUEL DORADA 1K (PRO) 135,134,5
2023,10,3,23278, QUCB, QUESO CREMA IMPERIAL KILO,53,12
2023,10,3,23279, ADMO1, ADOBERA MESA IMPERIAL ORO 1KG 105,105,6.07
2023,10,3,23279, QUFSMD, ADOBERA SAN MIGUEL DORADA 1/4KG 135,33.5,12
2023,10,3,23279, QUFSMDM, ADOBERA SAN MIGUEL DORADA 1/2KG 135,67,6
2023,10,3,23279, CUP1, CUERITOS PICADOS IMPERIAL 1KG,17.5,5
2023,10,3,23279, SAPZC2, SALCHICHA PAVO CAPIS 2.5KG (PRO),134,3
2023,10,3,23280, QU, QUESO PANELA IMPERIAL 69,45,1
2023,10,3,23280, ARRI, ARRACHERA MARINADA IMPERIAL,84,1
2023,10,3,23281, QUC1, QUESO COTIJA SECO 1 TROZO 107,107,0.565
2023,10,3,23282, ADMO1, ADOBERA MESA IMPERIAL ORO 1KG 105,105,2.215
2023,10,3,23282, CRCCHORRO, CREMA IMPERIAL              ,44,3
2023,10,3,23283, REZ, REQUESON ORDENA (PRO) 43,43,0.69
2023,10,3,23283, CRIO, CREMA IMPERIAL ORO,59,0.5
2023,10,3,23283, CRIO, CREMA IMPERIAL ORO,59,1
2023,10,3,23284, ADMO1, ADOBERA MESA IMPERIAL ORO 1KG 105,105,1.06
2023,10,3,23284, QUFSMDM, ADOBERA SAN MIGUEL DORADA 1/2KG 135,67,2
2023,10,3,23284, CRE, CREMA EXTRA,34,4
2023,10,3,23284, JAR, JAMON AMERICANO RIOJA (PRO),71,4
2023,10,3,23285, QUPC, QUESO PANELA IMPERIAL CUADRADA 1KG 69,69,1.085
2023,10,3,23285, CRIO, CREMA IMPERIAL ORO,59,1
2023,10,3,23285, JAEA, JAMON ESPALDILLA AROOS (PRO),44,1
2023,10,3,23286, QUC1, QUESO COTIJA SECO 1 TROZO 107,107,0.5
2023,10,3,23287, QUMM, QUESO MOLIDO MONARCA 5KG BOLSA ,377.5,1
2023,10,3,23288, QUAM, ADOBERA FUNDIR MOY 1/4KG 139,34.75,1
2023,10,3,23288, QUOSJ, QUESO OAXACA IMPERIAL ORO 1/2KG 122,61,2
2023,10,3,23289, QUMEVB, QUESO MOLIDO ECONOMICO VANIA (PRO) 5KG,137.5,1
2023,10,3,23290, SAPAZ, LA CLAVE CAMBIO,56,1
2023,10,3,23291, CRCCHORRO, CREMA IMPERIAL              ,44,1
2023,10,3,23292, QUOIP, QUESO OAXACA IMPERIAL PLATO (PRO) 89,89,0.995
2023,10,3,23293, EXQAD, EXHIBIDOR QUESO AMARILLO DAISY,93,1
2023,10,3,23294, CRZP, CREMA ORDE√ëA (PRO),29,12
2023,10,3,23295, QU, QUESO PANELA IMPERIAL 69,45,1
2023,10,3,23296, TOZFR, TOCINO ESPECIAL (PRO) 122,122,0.25
2023,10,3,23297, ARRI, ARRACHERA MARINADA IMPERIAL,84,1
2023,10,3,23298, ADFSK, ADOBERA FUNDIR SANDRITA 165,165,1.16
2023,10,3,23299, CRP, CREMA PURA,22,2
2023,10,3,23300, LED24C, LECHERA DUPAOLI 24KG CUBETA GRANDE,1105,1
2023,10,3,23301, QUAM, ADOBERA FUNDIR MOY 1/4KG 139,34.75,5
2023,10,3,23301, EXQAS, EXHIBIDOR QUESO AMARILLO SABINO,119,1
2023,10,3,23301, QUCC2, QUESO CREMA IMPERIAL 2.2KG,112,6
2023,10,3,23301, CRCCHORRO, CREMA IMPERIAL              ,44,6
2023,10,3,23302, MAD1K, MANTEQUILLA DAISY 1KG,107,1
2023,10,3,23303, CUE1M, CUERITOS ENTEROS 1KG MAYOREO,17,15
2023,10,3,23304, QU, QUESO PANELA IMPERIAL 69,45,3
2023,10,3,23304, REIO, REQUESON IMPERIAL ORO 47,47,0.5
2023,10,3,23305, CHPR, CHICHARRON PRENSADO ROJO (PRO) 129,129,10.31
2023,10,3,23306, QUC1, QUESO COTIJA SECO 1 TROZO 107,107,0.5
2023,10,3,23307, CRIO, CREMA IMPERIAL ORO,59,2
2023,10,3,23308, QU, QUESO PANELA IMPERIAL 69,45,1
2023,10,3,23308, QUCB, QUESO CREMA IMPERIAL KILO,53,1
2023,10,3,23309, CRL4, CREMA LALA 4L CUBETA  (PRO),219,3
2023,10,3,23309, QUC1, QUESO COTIJA SECO 1 TROZO 107,107,0.97
2023,10,3,23309, CRZP, CREMA ORDE√ëA (PRO),29,5
2023,10,3,23310, CARAC, CARNE RES AMPARITO 1KG (20PZ),1310,1
2023,10,3,23311, CRCCHORRO, CREMA IMPERIAL              ,44,1
2023,10,3,23312, ADFRM, ADOBERA FUNDIR RAMIREZ 1/2KG (PRO) 106,53,1
2023,10,3,23312, QUPC, QUESO PANELA IMPERIAL CUADRADA 1KG 69,69,3
2023,10,3,23312, CRZP, CREMA ORDE√ëA (PRO),29,3
2023,10,3,23313, QUC1, QUESO COTIJA SECO 1 TROZO 107,107,0.58
2023,10,3,23313, CRE, CREMA EXTRA,34,1
2023,10,3,23314, CRIO, CREMA IMPERIAL ORO,59,1
2023,10,3,23315, ADMO1, ADOBERA MESA IMPERIAL ORO 1KG 105,105,12.56
2023,10,3,23315, JARP, JAMON AMERICANO RIOJA (PRO) 70,437,1
2023,10,3,23315, CUE1, CUERITOS ENTEROS IMPERIAL 1KG,17.5,3
2023,10,3,23315, CRIO, CREMA IMPERIAL ORO,59,6
2023,10,3,23315, JAR, JAMON AMERICANO RIOJA (PRO),71,3
2023,10,3,23316, QUPCB, QUESO PANELA ORO 85 ,55,1
2023,10,3,23316, CUP1, CUERITOS PICADOS IMPERIAL 1KG,17.5,2
2023,10,3,23316, CRCCHORRO, CREMA IMPERIAL              ,44,2
2023,10,3,23317, CRIO, CREMA IMPERIAL ORO,59,0.5
2023,10,3,23318, RET, RECORTE TOCINO IMPERIAL,69,1
2023,10,3,23319, ARRI, ARRACHERA MARINADA IMPERIAL,83,5
2023,10,3,23320, CUE1, CUERITOS ENTEROS IMPERIAL 1KG,17.5,3
2023,10,3,23320, QUCB, QUESO CREMA IMPERIAL KILO,53,1
2023,10,3,23320, TOI, TOCINO IMPERIAL ,112,2
2023,10,3,23321, ARRI, ARRACHERA MARINADA IMPERIAL,83,2
2023,10,3,23322, CRZP, CREMA ORDE√ëA (PRO),29,1
2023,10,3,23323, QUOSC, QUESO OAXACA IMPERIAL ORO 1KG 122,122,1
2023,10,3,23324, QUOIP, QUESO OAXACA IMPERIAL PLATO (PRO) 89,89,3
2023,10,3,23325, CHPR, CHICHARRON PRENSADO ROJO (PRO) 129,129,1.5
2023,10,3,23326, CRCCHORRO, CREMA IMPERIAL              ,44,1
2023,10,3,23327, CHRV3A, CHILES RAJAS VITROLERO 3.8KG,69,1
2023,10,3,23327, CRAC3, CREMA AVELLANAS ASTRA 3KG,389,10
2023,10,3,23327, CAP, CATSUP EN PORCIONES 8GR (1000PZ)GRANDE,209,3
2023,10,3,23328, ARRI, ARRACHERA MARINADA IMPERIAL,84,1
2023,10,3,23329, ADMO1, ADOBERA MESA IMPERIAL ORO 1KG 105,105,1.02
2023,10,3,23329, QUAMMM, QUESO ASADERO MOY 1KG (PRO),134,4.11
2023,10,3,23329, QUOSM, QUESO OAXACA SAN MIGUEL 1KG (PRO) 136,136,4.3
2023,10,3,23330, CRP, CREMA PURA,22,5
2023,10,3,23331, CAYG, CATSUP YOLI GALON,70,1
2023,10,3,23332, CRCCHORRO, CREMA IMPERIAL              ,44,2
2023,10,3,23332, CRIO, CREMA IMPERIAL ORO,59,2
2023,10,3,23333, QUPCB, QUESO PANELA ORO 85 ,55,1
2023,10,3,23334, ARRI, ARRACHERA MARINADA IMPERIAL,84,2
2023,10,3,23334, QUCMI, QUESO CUBICADO MIXTO IMPERIAL (PRO),79.5,1
2023,10,3,23334, CRP, CREMA PURA,22,1
2023,10,3,23335, QUOIC, QUESO OAXACA IMPERIAL 1KG 89,89,0.31
2023,10,3,23336, CRL450, CREMA LALA 426ML ROJA,34,1
2023,10,3,23337, QUCIMA, QUESO ASADERO CHELITA  1KG,89,1
2023,10,3,23338, SAPZA, SALCHICHA PAVO ANY 2.7KG (PRO),97,1
2023,10,3,23339, QUOSC, QUESO OAXACA IMPERIAL ORO 1KG 122,122,1
2023,10,3,23339, CRCCHORRO, CREMA IMPERIAL              ,44,1
2023,10,3,23340, QUPC, QUESO PANELA IMPERIAL CUADRADA 1KG 69,69,1
2023,10,4,23341, TOEIP, TOCINO ESPECIAL IMPERIAL 122 ,122,0.25
2023,10,4,23342, QUM, QUESO MOLIDO MONARCA ,76,1
2023,10,4,23343, ADFSK, ADOBERA FUNDIR SANDRITA 165,165,13.74
2023,10,4,23344, CRIO, CREMA IMPERIAL ORO,59,6
2023,10,4,23345, QUFSMD, ADOBERA SAN MIGUEL DORADA 1/4KG 135,33.75,2
2023,10,4,23345, QUOSMC, QUESO OAXACA SAN MIGUEL 1/4K (PRO) 136,34,1
2023,10,4,23346, ADMO1, ADOBERA MESA IMPERIAL ORO 1KG 105,105,3.13
2023,10,4,23347, CRL4, CREMA LALA 4L CUBETA  (PRO),219,2
2023,10,4,23348, SAPZCM, SALCHICHA PAVO CAPIS 1/2KG (PRO),33.5,1
2023,10,4,23349, QUCC2, QUESO CREMA IMPERIAL 2.2KG,112,1
2023,10,4,23350, MAD1K, MANTEQUILLA DAISY 1KG,107,1
2023,10,4,23350, QUCB, QUESO CREMA IMPERIAL KILO,53,1
2023,10,4,23350, CRCCHORRO, CREMA IMPERIAL              ,44,1
2023,10,4,23351, ZAVCP, ZANAHORIAS CASTANEDA CUBETA (PRO),129,1
2023,10,4,23351, JAYR, JAMON YORK RIOJA (PRO),101.5,0.5
2023,10,4,23351, TOZFR1, TOCINO ESPECIAL ACOMODADO 129,129,2
2023,10,4,23352, QUMEV, QUESO MOLIDO ECONOMICO VANIA (PRO),28,2
2023,10,4,23352, QUC1M, QUESO COTIJA SECO 1 MOLIDO 107,107,2
2023,10,4,23353, QU, QUESO PANELA IMPERIAL 69,45,0.861538462
2023,10,4,23354, QUCMMD, QUESO CUBICADO MIXTO MAYOREO (PRO),77.5,10
2023,10,4,23354, JAR, JAMON AMERICANO RIOJA (PRO),71,4
2023,10,4,23355, ARRI, ARRACHERA MARINADA IMPERIAL,83,40
2023,10,4,23355, SAPZCM, SALCHICHA PAVO CAPIS 1/2KG (PRO),33.5,1
2023,10,4,23355, CRE, CREMA EXTRA,34,3
2023,10,4,23356, QUOIC, QUESO OAXACA IMPERIAL 1KG 89,89,2.1
2023,10,4,23356, REZ, REQUESON ORDENA (PRO) 43,43,2.03
2023,10,4,23357, ARRI, ARRACHERA MARINADA IMPERIAL,83,1
2023,10,4,23357, JAEA, JAMON ESPALDILLA AROOS (PRO),44,0.5
2023,10,4,23358, CRIO, CREMA IMPERIAL ORO,59,6
2023,10,4,23359, ADMO1, ADOBERA MESA IMPERIAL ORO 1KG 105,105,1.07
2023,10,4,23359, CRCCHORRO, CREMA IMPERIAL              ,44,1.5
2023,10,4,23360, QU, QUESO PANELA IMPERIAL 69,45,1
2023,10,4,23361, JAR, JAMON AMERICANO RIOJA (PRO),71,0.5
2023,10,4,23362, ADMO1, ADOBERA MESA IMPERIAL ORO 1KG 105,105,5.24
2023,10,4,23362, QUFSMM1, ADOBERA SAN MIGUEL DORADA 1K (PRO) 135,134,2.66
2023,10,4,23362, QUOIP, QUESO OAXACA IMPERIAL PLATO (PRO) 89,89,1
2023,10,4,23363, QUAM, ADOBERA FUNDIR MOY 1/4KG 139,34.75,3
2023,10,4,23363, ADMO1, ADOBERA MESA IMPERIAL ORO 1KG 105,105,1
2023,10,4,23364, REIO, REQUESON IMPERIAL ORO 47,47,0.5
2023,10,4,23365, CRIO, CREMA IMPERIAL ORO,59,1
2023,10,4,23366, LED5, LECHERA ALTE√ëA DUPAOLI 5K CUBETA CHICA,238,1
2023,10,4,23367, TOI, TOCINO IMPERIAL ,112,3
2023,10,4,23368, TOEIP, TOCINO ESPECIAL IMPERIAL 122 ,122,4
2023,10,4,23369, QUFSMDM, ADOBERA SAN MIGUEL DORADA 1/2KG 135,67,2
2023,10,4,23369, SAPZA, SALCHICHA PAVO ANY 2.7KG (PRO),97,10
2023,10,4,23369, MOP8C, MOSTAZA EN PORCIONES 8GR (200PZ),52,1
2023,10,4,23369, CHRCA, CHILES RAJAS IMPERIAL CUBETA 10KG,299,1
2023,10,4,23370, QUCB, QUESO CREMA IMPERIAL KILO,53,1
2023,10,4,23371, QUPCB, QUESO PANELA ORO 85 ,55,1
2023,10,4,23372, QU, QUESO PANELA IMPERIAL 69,45,1.969230769
2023,10,4,23372, QUCB, QUESO CREMA IMPERIAL KILO,53,3
2023,10,4,23372, CARA, CARNE RES AMPARITO 1KG,66,2
2023,10,4,23373, QUCMI, QUESO CUBICADO MIXTO IMPERIAL (PRO),79.5,2
2023,10,4,23373, QUM, QUESO MOLIDO MONARCA ,76,2
2023,10,4,23373, CRE, CREMA EXTRA,34,2
2023,10,4,23373, CRP, CREMA PURA,22,2
2023,10,4,23373, CRP, CREMA PURA,22,3
2023,10,4,23374, ADMO1, ADOBERA MESA IMPERIAL ORO 1KG 105,105,1.02
2023,10,4,23374, QUFSMM1, ADOBERA SAN MIGUEL DORADA 1K (PRO) 135,134,2.09
2023,10,4,23375, QUAM, ADOBERA FUNDIR MOY 1/4KG 139,34.75,5
2023,10,4,23376, ADFRM, ADOBERA FUNDIR RAMIREZ 1/2KG (PRO) 106,53,10
2023,10,4,23376, QUPCB, QUESO PANELA ORO 85 ,55,2
2023,10,4,23376, CUE1, CUERITOS ENTEROS IMPERIAL 1KG,17.5,2
2023,10,4,23376, EXQAS, EXHIBIDOR QUESO AMARILLO SABINO,119,1
2023,10,4,23376, QUM, QUESO MOLIDO MONARCA ,76,1.5
2023,10,4,23376, REIO, REQUESON IMPERIAL ORO 47,47,5.5
2023,10,4,23376, CRP, CREMA PURA,22,3
2023,10,4,23377, TOJI, TORTILLA HARINA IMPERIAL 10PZ JUMBO ,42,2
2023,10,4,23378, QUOIC, QUESO OAXACA IMPERIAL 1KG 89,89,4.405
2023,10,4,23378, QUMEV, QUESO MOLIDO ECONOMICO VANIA (PRO),28,3
2023,10,4,23379, QUFSMDM, ADOBERA SAN MIGUEL DORADA 1/2KG 135,67,1
2023,10,4,23380, QUM, QUESO MOLIDO MONARCA ,76,2
2023,10,4,23380, CRCCHORRO, CREMA IMPERIAL              ,44,3
2023,10,4,23380, CRIO, CREMA IMPERIAL ORO,59,2
2023,10,4,23380, CRP, CREMA PURA,22,1
2023,10,4,23381, CRIO, CREMA IMPERIAL ORO,59,0.75
2023,10,4,23382, QU, QUESO PANELA IMPERIAL 69,45,1
2023,10,4,23382, ARRI, ARRACHERA MARINADA IMPERIAL,83,1
2023,10,4,23382, QUCMI, QUESO CUBICADO MIXTO IMPERIAL (PRO),79.5,3
2023,10,4,23383, QUPCB, QUESO PANELA ORO 85 ,55,1
2023,10,4,23384, SAPZCM, SALCHICHA PAVO CAPIS 1/2KG (PRO),33.5,1
2023,10,4,23384, QUC1, QUESO COTIJA SECO 1 TROZO 107,107,1.6
2023,10,4,23385, CRL4, CREMA LALA 4L CUBETA  (PRO),219,1
2023,10,4,23386, QU, QUESO PANELA IMPERIAL 69,45,1
2023,10,4,23386, REZ, REQUESON ORDENA (PRO) 43,43,0.2501
2023,10,4,23387, RE, REQUESON IMPERIAL 37,37,1
2023,10,4,23388, CUE1, CUERITOS ENTEROS IMPERIAL 1KG,17.5,4
2023,10,4,23389, QUCAI, QUESO COTIJA ANEJO IMPERIAL 154,154,2.13
2023,10,4,23390, ARRI, ARRACHERA MARINADA IMPERIAL,83,15
2023,10,4,23391, ARRI, ARRACHERA MARINADA IMPERIAL,83,7
2023,10,4,23391, CRIO, CREMA IMPERIAL ORO,59,0.5
2023,10,4,23392, CUMKM, CUERITOS MEXICANO 1KG MAYOREO,22,12
2023,10,4,23393, QUMM, QUESO MOLIDO MONARCA 5KG BOLSA ,377.5,1
2023,10,4,23394, QUCB, QUESO CREMA IMPERIAL KILO,53,2
2023,10,4,23394, QUN1, QUESO PARA NACHOS SABINO 1KG,24,1
2023,10,4,23395, CRZP, CREMA ORDE√ëA (PRO),29,0.25
2023,10,4,23396, ACOM1, ACEITE OLIVA E.V. MONASTERIO 1L,89,2
2023,10,4,23396, CRIO, CREMA IMPERIAL ORO,59,3
2023,10,4,23397, CRCCHORRO, CREMA IMPERIAL              ,44,2
2023,10,4,23398, TOHIR, TORTILLA HARINA IMPERIAL 8PZ,12.5,1
2023,10,4,23399, QUPC1, CUERITOS PICADOS CASTA√ëEDA 1KG (PRO),21,3
2023,10,4,23400, CRL4, CREMA LALA 4L CUBETA  (PRO),219,1
2023,10,4,23400, REIO, REQUESON IMPERIAL ORO 47,47,2
2023,10,4,23400, QUC1M, QUESO COTIJA SECO 1 MOLIDO 107,107,3
2023,10,4,23401, QUN1, QUESO PARA NACHOS SABINO 1KG,24,2
2023,10,4,23402, CHRZG, CHILES RAJAS GRANEL (PRO),37,1
2023,10,4,23403, CHRV3A, CHILES RAJAS VITROLERO 3.8KG,69,1
2023,10,4,23403, TOZFR1, TOCINO ESPECIAL ACOMODADO 129,129,1
2023,10,4,23404, ADMO1, ADOBERA MESA IMPERIAL ORO 1KG 105,105,2.105
2023,10,4,23404, QUCIMA, QUESO ASADERO CHELITA  1KG,89,1
2023,10,4,23405, CRP, CREMA PURA,22,2
2023,10,4,23406, CRBLL, CREMA BATIDA LYNCOTT LATA 198GR,63,3
2023,10,4,23407, QUOSJ, QUESO OAXACA IMPERIAL ORO 1/2KG 122,61,1
2023,10,4,23407, CHPR, CHICHARRON PRENSADO ROJO (PRO) 129,129,0.9
2023,10,4,23408, ARRI, ARRACHERA MARINADA IMPERIAL,83,1
2023,10,4,23408, CRCCHORRO, CREMA IMPERIAL              ,44,0.25
2023,10,4,23409, CRE, CREMA EXTRA,34,2.5
2023,10,4,23410, QUC1, QUESO COTIJA SECO 1 TROZO 107,107,1.085
2023,10,4,23410, CARA, CARNE RES AMPARITO 1KG,66,1
2023,10,4,23410, CRE, CREMA EXTRA,34,1
2023,10,4,23410, CRE, CREMA EXTRA,34,1
2023,10,4,23410, JAEA, JAMON ESPALDILLA AROOS (PRO),44,0.5
2023,10,4,23411, QUAM, ADOBERA FUNDIR MOY 1/4KG 139,34.75,2
2023,10,4,23412, QU, QUESO PANELA IMPERIAL 69,45,1.092307692
2023,10,4,23413, ARRI, ARRACHERA MARINADA IMPERIAL,83,1
2023,10,4,23413, QUCMI, QUESO CUBICADO MIXTO IMPERIAL (PRO),79.5,1
2023,10,4,23413, CHRZG, CHILES RAJAS GRANEL (PRO),37,0.25
2023,10,4,23414, ARRI, ARRACHERA MARINADA IMPERIAL,83,3
2023,10,4,23415, CRP, CREMA PURA,22,8
2023,10,4,23416, QUAMMM, QUESO ASADERO MOY 1KG (PRO),134,0.965
2023,10,4,23416, QUPCO, QUESO PANELA ORO 1K CUADRADA 85,85,2.28
2023,10,4,23416, CARA, CARNE RES AMPARITO 1KG,66,2
2023,10,4,23416, CRCCHORRO, CREMA IMPERIAL              ,44,4
2023,10,4,23416, TOEIP, TOCINO ESPECIAL IMPERIAL 122 ,122,0.5
2023,10,4,23417, BORI, CHILES RODAJAS IMPERIAL 3KG BOLSA,62,3
2023,10,4,23417, CRCCHORRO, CREMA IMPERIAL              ,44,4
2023,10,4,23418, QUAMK, ADOBERA FUNDIR MOY 1KG 139,139,4.8
2023,10,4,23419, ADMO1, ADOBERA MESA IMPERIAL ORO 1KG 105,105,1.105
2023,10,4,23419, QUPCB, QUESO PANELA ORO 85 ,55,2
2023,10,4,23419, QUMEV, QUESO MOLIDO ECONOMICO VANIA (PRO),28,0.5
2023,10,4,23419, CRIO, CREMA IMPERIAL ORO,59,2
2023,10,4,23420, CUE1, CUERITOS ENTEROS IMPERIAL 1KG,17.5,1
2023,10,4,23420, CRP, CREMA PURA,22,2
2023,10,4,23421, ADFSK, ADOBERA FUNDIR SANDRITA 165,165,1.185
2023,10,4,23421, CUP1, CUERITOS PICADOS IMPERIAL 1KG,17.5,6
2023,10,4,23421, QUCB, QUESO CREMA IMPERIAL KILO,53,1
2023,10,4,23421, QUMEV, QUESO MOLIDO ECONOMICO VANIA (PRO),28,0.5
2023,10,4,23421, QUM, QUESO MOLIDO MONARCA ,76,0.5
2023,10,4,23421, CRCCHORRO, CREMA IMPERIAL              ,44,1.5
2023,10,4,23422, MAD1K, MANTEQUILLA DAISY 1KG,107,1
2023,10,4,23422, TOJI, TORTILLA HARINA IMPERIAL 10PZ JUMBO ,42,1
2023,10,4,23422, CRCCHORRO, CREMA IMPERIAL              ,44,1
2023,10,4,23423, ADMO1, ADOBERA MESA IMPERIAL ORO 1KG 105,105,1.04
2023,10,4,23424, ADMO1, ADOBERA MESA IMPERIAL ORO 1KG 105,105,5.025
2023,10,4,23424, CHRV3, CHILES RODAJAS VITROLERO 3.8KG,69,1
2023,10,4,23424, JAR, JAMON AMERICANO RIOJA (PRO),71,10
2023,10,4,23425, CRIO, CREMA IMPERIAL ORO,59,8
2023,10,4,23426, TOEIP, TOCINO ESPECIAL IMPERIAL 122 ,122,0.25
2023,10,4,23427, QUAMK, ADOBERA FUNDIR MOY 1KG 139,139,0.98
2023,10,4,23428, QUMEVB, QUESO MOLIDO ECONOMICO VANIA (PRO) 5KG,137.5,1
2023,10,4,23428, ZAVCP, ZANAHORIAS CASTANEDA CUBETA (PRO),129,1
2023,10,4,23429, CARA, CARNE RES AMPARITO 1KG,66,1
2023,10,4,23430, QUAMM, ADOBERA FUNDIR MOY 1/2KG 139,69.5,1
2023,10,4,23430, CHPR, CHICHARRON PRENSADO ROJO (PRO) 129,129,0.5
2023,10,4,23431, CRP, CREMA PURA,22,13
2023,10,4,23432, CALDCM, CAJETA LUPERCIO DOBLE CREMA 1/2KG(PRO),31,1
2023,10,4,23432, CRIO, CREMA IMPERIAL ORO,59,2
2023,10,4,23433, QUOIC, QUESO OAXACA IMPERIAL 1KG 89,89,2.485
2023,10,4,23433, MADC, MARGARINA DAISY 1KG (10PZ),519,1
2023,10,4,23433, CRIO, CREMA IMPERIAL ORO,59,1
2023,10,4,23434, CRCCHORRO, CREMA IMPERIAL              ,44,4
2023,10,4,23435, QUPC1, CUERITOS PICADOS CASTA√ëEDA 1KG (PRO),21,1
2023,10,4,23436, REIO, REQUESON IMPERIAL ORO 47,47,0.625
2023,10,4,23437, CHEP, CHORIZO EL PASTOR 89 (PRO),89,5.04
2023,10,4,23437, ARRI, ARRACHERA MARINADA IMPERIAL,83,12
2023,10,4,23437, TOJI, TORTILLA HARINA IMPERIAL 10PZ JUMBO ,42,4
2023,10,4,23438, QU, QUESO PANELA IMPERIAL 69,45,0.9
2023,10,4,23439, CHRV3A, CHILES RAJAS VITROLERO 3.8KG,69,1
2023,10,4,23439, MOY3, MOSTAZA YOLI 3.8KG,91,1
2023,10,4,23439, TOZFR1, TOCINO ESPECIAL ACOMODADO 129,129,1
2023,10,4,23440, QUPCB, QUESO PANELA ORO 85 ,55,1
2023,10,4,23440, QUC1, QUESO COTIJA SECO 1 TROZO 107,107,0.66
2023,10,4,23441, QUAMK, ADOBERA FUNDIR MOY 1KG 139,139,1.455
2023,10,4,23441, QUOIP, QUESO OAXACA IMPERIAL PLATO (PRO) 89,89,24.25
2023,10,4,23441, JAR, JAMON AMERICANO RIOJA (PRO),71,2
2023,10,4,23442, QUPC1, CUERITOS PICADOS CASTA√ëEDA 1KG (PRO),21,5
2023,10,4,23442, RET, RECORTE TOCINO IMPERIAL,69,0.5
2023,10,4,23442, CAT4, CATSUP TITA 4.5KG,89,1
2023,10,4,23443, QUFSMDM, ADOBERA SAN MIGUEL DORADA 1/2KG 135,67,2
2023,10,4,23443, MOP3, MOLE PROVINCIANO 3KG,194,1
2023,10,4,23443, CRCCHORRO, CREMA IMPERIAL              ,44,2
2023,10,4,23444, CRCCHORRO, CREMA IMPERIAL              ,44,1.5
2023,10,4,23445, QUOSJ, QUESO OAXACA IMPERIAL ORO 1/2KG 122,61,1
2023,10,4,23445, QUOSC, QUESO OAXACA IMPERIAL ORO 1KG 122,122,1
2023,10,4,23445, CRIO, CREMA IMPERIAL ORO,59,0.5
2023,10,4,23446, MAD, MARGARINA DAISY 1KG,55,2
2023,10,4,23446, SAVZCM, SALCHICHA VIENA CAPIS 1/2KG (PRO),32.5,1
2023,10,4,23446, CRIO, CREMA IMPERIAL ORO,59,2.5
2023,10,4,23446, JAVPCAP, JAMON VIRGINIA PAVO CAPIS (PRO),111,1
2023,10,4,23447, REIO, REQUESON IMPERIAL ORO 47,47,10
2023,10,4,23448, QUAMK, ADOBERA FUNDIR MOY 1KG 139,139,1.925
2023,10,4,23448, QUAMK, ADOBERA FUNDIR MOY 1KG 139,139,1.955
2023,10,4,23449, CRBTCHANTILLY, CREMA BATIDA TAPALPA 1KG BOLSA,56,1
2023,10,4,23449, CRLL, CREMA LALA 900L ROJA,69,1
2023,10,4,23449, JAR, JAMON AMERICANO RIOJA (PRO),71,0.5
2023,10,4,23450, CRL4, CREMA LALA 4L CUBETA  (PRO),219,1
2023,10,4,23450, REIO, REQUESON IMPERIAL ORO 47,47,1
2023,10,4,23451, CUP1, CUERITOS PICADOS IMPERIAL 1KG,17.5,3
2023,10,4,23451, CRIO, CREMA IMPERIAL ORO,59,1.5
2023,10,4,23452, ARRI, ARRACHERA MARINADA IMPERIAL,83,2
2023,10,4,23453, CRL4, CREMA LALA 4L CUBETA  (PRO),219,2
2023,10,4,23454, CUE1M, CUERITOS ENTEROS 1KG MAYOREO,17,60
2023,10,4,23454, QUMIG, QUESO MIXTO IMPERIAL (PRO) (GUADALUPE),74.5,40
2023,10,4,23454, SAR, SALAMI RIOJA 1KG (GUADALUPE) (PRO),82.5,40
2023,10,4,23455, CRL4, CREMA LALA 4L CUBETA  (PRO),219,2
2023,10,4,23455, QUCB, QUESO CREMA IMPERIAL KILO,53,1
2023,10,4,23456, SAPZA, SALCHICHA PAVO ANY 2.7KG (PRO),97,1
2023,10,4,23456, JAMAP, JAMON MORTADELA AROOS (PRO),44,0.5
2023,10,4,23456, JAMAP, JAMON MORTADELA AROOS (PRO),44,1
2023,10,4,23457, QUCC2, QUESO CREMA IMPERIAL 2.2KG,112,2
2023,10,4,23458, QUCAI, QUESO COTIJA ANEJO IMPERIAL 154,154,0.685
2023,10,4,23459, CRL450, CREMA LALA 426ML ROJA,34,1
2023,10,4,23459, TOEIP, TOCINO ESPECIAL IMPERIAL 122 ,122,0.25
2023,10,4,23460, TOI, TOCINO IMPERIAL ,112,2
2023,10,4,23461, REZ, REQUESON ORDENA (PRO) 43,43,5.1
2023,10,4,23461, CAYG, CATSUP YOLI GALON,70,2
2023,10,4,23462, QUAMK, ADOBERA FUNDIR MOY 1KG 139,139,0.965
2023,10,4,23463, ARRI, ARRACHERA MARINADA IMPERIAL,83,6
2023,10,4,23464, CRP, CREMA PURA,22,4
2023,10,4,23465, QUCC2, QUESO CREMA IMPERIAL 2.2KG,112,2
2023,10,4,23466, QUOIC1, QUESO OAXACA CUBICADO IMPERIAL 1KG 89,89,8
2023,10,4,23466, REIO, REQUESON IMPERIAL ORO 47,47,3
2023,10,4,23466, CRCCHORRO, CREMA IMPERIAL              ,44,2
2023,10,4,23467, CRP, CREMA PURA,22,2
2023,10,4,23467, JAEA, JAMON ESPALDILLA AROOS (PRO),44,2
2023,10,4,23468, ADMO1, ADOBERA MESA IMPERIAL ORO 1KG 105,105,3.05
2023,10,4,23468, CRIO, CREMA IMPERIAL ORO,59,1
2023,10,4,23469, QUAMMM, QUESO ASADERO MOY 1KG (PRO),134,2.695
2023,10,4,23469, QU, QUESO PANELA IMPERIAL 69,45,1
2023,10,4,23469, QUFSMDM, ADOBERA SAN MIGUEL DORADA 1/2KG 135,67,1
2023,10,4,23469, CRCCHORRO, CREMA IMPERIAL              ,44,2
2023,10,4,23470, QUCMI, QUESO CUBICADO MIXTO IMPERIAL (PRO),79.5,3
2023,10,4,23471, MAD1K, MANTEQUILLA DAISY 1KG,107,1
2023,10,4,23472, QU, QUESO PANELA IMPERIAL 69,45,1.038461538
2023,10,4,23472, QUFSMDM, ADOBERA SAN MIGUEL DORADA 1/2KG 135,67,8
2023,10,4,23472, QUM, QUESO MOLIDO MONARCA ,76,0.5
2023,10,4,23472, CRCCHORRO, CREMA IMPERIAL              ,44,0.5
2023,10,4,23473, ADMO1, ADOBERA MESA IMPERIAL ORO 1KG 105,105,2.175
2023,10,4,23473, QUOIC, QUESO OAXACA IMPERIAL 1KG 89,89,4.41
2023,10,4,23473, EXQAS, EXHIBIDOR QUESO AMARILLO SABINO,119,1
2023,10,4,23473, CARA, CARNE RES AMPARITO 1KG,66,4
2023,10,4,23473, CRP, CREMA PURA,22,6
2023,10,4,23473, JAR, JAMON AMERICANO RIOJA (PRO),71,6
2023,10,4,23474, CRCCHORRO, CREMA IMPERIAL              ,44,0.25
2023,10,4,23475, CRE, CREMA EXTRA,34,6
2023,10,4,23475, CRP, CREMA PURA,22,12
2023,10,4,23476, CRCCHORRO, CREMA IMPERIAL              ,44,1
2023,10,4,23477, QUAM, ADOBERA FUNDIR MOY 1/4KG 139,34.75,1
2023,10,4,23478, QUOSC, QUESO OAXACA IMPERIAL ORO 1KG 122,122,3.34
2023,10,4,23479, ADFRK, ADOBERA FUNDIR RAMIREZ 1KG (PRO) 106,106,2.9
2023,10,4,23480, QUAM, ADOBERA FUNDIR MOY 1/4KG 139,34.75,1
2023,10,4,23480, CRCCHORRO, CREMA IMPERIAL              ,44,0.25
2023,10,4,23481, ARRI, ARRACHERA MARINADA IMPERIAL,83,8
2023,10,4,23481, QUCMI, QUESO CUBICADO MIXTO IMPERIAL (PRO),79.5,2
2023,10,4,23482, TOEIP, TOCINO ESPECIAL IMPERIAL 122 ,122,0.25
2023,10,4,23483, CHPR, CHICHARRON PRENSADO ROJO (PRO) 129,129,2
2023,10,4,23484, ADMO1, ADOBERA MESA IMPERIAL ORO 1KG 105,105,1.985
2023,10,4,23484, QUCB, QUESO CREMA IMPERIAL KILO,53,1
2023,10,4,23485, QUM, QUESO MOLIDO MONARCA ,76,0.25
2023,10,4,23485, CRE, CREMA EXTRA,34,4
2023,10,4,23486, CUP1, CUERITOS PICADOS IMPERIAL 1KG,17.5,1
2023,10,4,23487, CUP1, CUERITOS PICADOS IMPERIAL 1KG,17.5,1
2023,10,4,23487, CRCCHORRO, CREMA IMPERIAL              ,44,3
2023,10,4,23488, QUC1, QUESO COTIJA SECO 1 TROZO 107,107,0.28
2023,10,4,23489, QUM, QUESO MOLIDO MONARCA ,76,0.5
2023,10,4,23489, BASC, BASE SABINO 17KG,158,3
2023,10,4,23489, CRIO, CREMA IMPERIAL ORO,59,1
2023,10,4,23489, JAR, JAMON AMERICANO RIOJA (PRO),71,3
2023,10,4,23490, ADMO1, ADOBERA MESA IMPERIAL ORO 1KG 105,105,1.09
2023,10,4,23491, ADMO1, ADOBERA MESA IMPERIAL ORO 1KG 105,105,11.88
2023,10,4,23491, CRIOC, CREMA IMPERIAL ORO CUBETA 18KG,1064,1
2023,10,4,23492, CRL450, CREMA LALA 426ML ROJA,34,1
2023,10,4,23492, QUC1, QUESO COTIJA SECO 1 TROZO 107,107,0.52
2023,10,4,23493, QU, QUESO PANELA IMPERIAL 69,45,1.076923077
2023,10,4,23493, CRIO, CREMA IMPERIAL ORO,59,0.25
2023,10,4,23494, QUOIP, QUESO OAXACA IMPERIAL PLATO (PRO) 89,89,1
2023,10,4,23495, ADFSME, ADOBERA FUNDIR SANDRITA 1/2KG 165,82.5,1
2023,10,4,23495, TOI, TOCINO IMPERIAL ,112,0.4
2023,10,4,23496, CRL4, CREMA LALA 4L CUBETA  (PRO),219,1
2023,10,4,23497, QUAMM, ADOBERA FUNDIR MOY 1/2KG 139,69.5,2
2023,10,4,23497, QUOSJ, QUESO OAXACA IMPERIAL ORO 1/2KG 122,61,1
2023,10,4,23498, EXQAS, EXHIBIDOR QUESO AMARILLO SABINO,119,1
2023,10,4,23498, TOI, TOCINO IMPERIAL ,112,3
2023,10,4,23499, CRCCHORRO, CREMA IMPERIAL              ,44,1
2023,10,4,23500, CUP1, CUERITOS PICADOS IMPERIAL 1KG,17.5,2
2023,10,4,23501, QUFSMDM, ADOBERA SAN MIGUEL DORADA 1/2KG 135,67,2
2023,10,4,23501, QUMEV, QUESO MOLIDO ECONOMICO VANIA (PRO),28,1.5
2023,10,4,23501, CRCCHORRO, CREMA IMPERIAL              ,44,0.5
2023,10,4,23502, REIO, REQUESON IMPERIAL ORO 47,47,1
2023,10,4,23503, CRAC3, CREMA AVELLANAS ASTRA 3KG,389,10
2023,10,4,23504, CHRV3A, CHILES RAJAS VITROLERO 3.8KG,69,1
2023,10,4,23504, CRIO, CREMA IMPERIAL ORO,59,1
2023,10,4,23505, ADMO1, ADOBERA MESA IMPERIAL ORO 1KG 105,105,2
2023,10,4,23506, QUPC, QUESO PANELA IMPERIAL CUADRADA 1KG 69,69,2
2023,10,4,23506, TOHIR, TORTILLA HARINA IMPERIAL 8PZ,12.5,10
2023,10,4,23506, CRIO, CREMA IMPERIAL ORO,59,2
2023,10,4,23507, QUOSMM, QUESO OAXACA SAN MIGUEL 1/2K (PRO) 136,68,1
2023,10,4,23507, CRIO, CREMA IMPERIAL ORO,59,0.5
2023,10,4,23508, REIO, REQUESON IMPERIAL ORO 47,47,0.5
2023,10,4,23509, QUFSMD, ADOBERA SAN MIGUEL DORADA 1/4KG 135,33.75,4
2023,10,4,23509, QUFSMDM, ADOBERA SAN MIGUEL DORADA 1/2KG 135,67,2
2023,10,4,23510, QUOIC, QUESO OAXACA IMPERIAL 1KG 89,89,1.15
2023,10,4,23510, CRE, CREMA EXTRA,34,1
2023,10,4,23511, REIO, REQUESON IMPERIAL ORO 47,47,0.5
2023,10,4,23511, CRCCHORRO, CREMA IMPERIAL              ,44,0.5
2023,10,4,23512, REIO, REQUESON IMPERIAL ORO 47,47,0.5
2023,10,4,23513, QUOIP, QUESO OAXACA IMPERIAL PLATO (PRO) 89,89,3.03
2023,10,4,23513, REIO, REQUESON IMPERIAL ORO 47,47,0.5
2023,10,4,23513, CHPR, CHICHARRON PRENSADO ROJO (PRO) 129,129,0.73
2023,10,4,23513, CRZP, CREMA ORDE√ëA (PRO),29,2
2023,10,4,23514, QUCMMD, QUESO CUBICADO MIXTO MAYOREO (PRO),77.5,15
2023,10,4,23514, QUN1, QUESO PARA NACHOS SABINO 1KG,24,12
2023,10,4,23514, JAPCPR, JAMON PIERNA CAPIS (PRO),99,1
2023,10,4,23515, QUMEV, QUESO MOLIDO ECONOMICO VANIA (PRO),28,1
2023,10,4,23516, QUPC, QUESO PANELA IMPERIAL CUADRADA 1KG 69,69,1.13
2023,10,4,23516, CUE1, CUERITOS ENTEROS IMPERIAL 1KG,17.5,2
2023,10,4,23516, CRIO, CREMA IMPERIAL ORO,59,5
2023,10,4,23517, CRCCHORRO, CREMA IMPERIAL              ,44,1.5
2023,10,4,23517, JAR, JAMON AMERICANO RIOJA (PRO),71,11
2023,10,4,23518, CUE1, CUERITOS ENTEROS IMPERIAL 1KG,17.5,2
2023,10,4,23519, QUCMMD, QUESO CUBICADO MIXTO MAYOREO (PRO),77.5,12
2023,10,4,23519, TOJI, TORTILLA HARINA IMPERIAL 10PZ JUMBO ,42,3
2023,10,4,23519, CRZP, CREMA ORDE√ëA (PRO),29,15
2023,10,4,23519, TOZFR1, TOCINO ESPECIAL ACOMODADO 129,129,2
2023,10,4,23520, CARA, CARNE RES AMPARITO 1KG,66,3
2023,10,4,23521, ADMO1, ADOBERA MESA IMPERIAL ORO 1KG 105,105,1.03
2023,10,4,23521, CHPR, CHICHARRON PRENSADO ROJO (PRO) 129,129,7
2023,10,4,23521, QUC1, QUESO COTIJA SECO 1 TROZO 107,107,1.045
2023,10,4,23521, CRIO, CREMA IMPERIAL ORO,59,2.5
2023,10,4,23521, TOEIP, TOCINO ESPECIAL IMPERIAL 122 ,122,1
2023,10,4,23522, QUCB, QUESO CREMA IMPERIAL KILO,53,3
2023,10,4,23522, REIO, REQUESON IMPERIAL ORO 47,47,1
2023,10,4,23523, QUCIMACM, QUESO CHELITA CUBICADO 1KG MAYOREO ,88,10
2023,10,4,23524, TOEIP, TOCINO ESPECIAL IMPERIAL 122 ,122,6
2023,10,4,23525, LED5, LECHERA ALTE√ëA DUPAOLI 5K CUBETA CHICA,238,1
2023,10,4,23525, CRE, CREMA EXTRA,34,1
2023,10,4,23525, CRCCHORRO, CREMA IMPERIAL              ,44,10
2023,10,4,23526, JAEA, JAMON ESPALDILLA AROOS (PRO),44,23.3
2023,10,4,23527, CRIO, CREMA IMPERIAL ORO,59,2
2023,10,4,23527, CRP, CREMA PURA,22,1
2023,10,4,23528, ADMO1, ADOBERA MESA IMPERIAL ORO 1KG 105,105,5.91
2023,10,4,23528, QUFSMM1, ADOBERA SAN MIGUEL DORADA 1K (PRO) 135,134,3.95
2023,10,4,23528, QUOSMC, QUESO OAXACA SAN MIGUEL 1/4K (PRO) 136,34,8
2023,10,4,23528, QUFSMDM, ADOBERA SAN MIGUEL DORADA 1/2KG 135,67,4
2023,10,4,23528, CRIOC, CREMA IMPERIAL ORO CUBETA 18KG,1064,1
2023,10,4,23529, CAKC, CREMA COCO CALAHUA 1L,52,1
2023,10,4,23530, ADFRK, ADOBERA FUNDIR RAMIREZ 1KG (PRO) 106,106,0.975
2023,10,4,23531, CRCCHORRO, CREMA IMPERIAL              ,44,0.5
2023,10,4,23532, CRAC3, CREMA AVELLANAS ASTRA 3KG,389,20
2023,10,4,23533, CRIO, CREMA IMPERIAL ORO,59,2
2023,10,4,23534, QUMEV, QUESO MOLIDO ECONOMICO VANIA (PRO),28,1
2023,10,4,23534, CRCCHORRO, CREMA IMPERIAL              ,44,6
2023,10,4,23535, CUE1, CUERITOS ENTEROS IMPERIAL 1KG,17.5,1
2023,10,4,23536, CRCCHORRO, CREMA IMPERIAL              ,44,1
2023,10,4,23537, CRE, CREMA EXTRA,34,10
2023,10,4,23538, CRIO, CREMA IMPERIAL ORO,59,0.5
2023,10,5,23539, TOEIP, TOCINO ESPECIAL IMPERIAL 122 ,122,0.5
2023,10,5,23540, QUAMK, ADOBERA FUNDIR MOY 1KG 139,139,1.86
2023,10,5,23540, QUOIM, QUESO OAXACA IMPERIAL 1/2KG 89,44.5,1
2023,10,5,23541, SAPZC1, SALCHICHA PAVO CAPIS 1KG (PRO),62,1
2023,10,5,23542, ARRI, ARRACHERA MARINADA IMPERIAL,83,11
2023,10,5,23543, MAD1K, MANTEQUILLA DAISY 1KG,107,3
2023,10,5,23544, CHRV3A, CHILES RAJAS VITROLERO 3.8KG,69,1
2023,10,5,23544, ADR, ADEREZO RANCH SABINO 3.4KG ,159,1
2023,10,5,23544, JAEA, JAMON ESPALDILLA AROOS (PRO),44,9
2023,10,5,23545, QUCMI, QUESO CUBICADO MIXTO IMPERIAL (PRO),79.5,1
2023,10,5,23545, CAT4, CATSUP TITA 4.5KG,89,1
2023,10,5,23546, REZ, REQUESON ORDENA (PRO) 43,43,1.5
2023,10,5,23547, QUMM, QUESO MOLIDO MONARCA 5KG BOLSA ,377.5,1
2023,10,5,23548, RET, RECORTE TOCINO IMPERIAL,69,6
2023,10,5,23549, SAYM, SALCHICHA HOT DOG YOSSI (PRO),87,1
2023,10,5,23550, JAMAP, JAMON MORTADELA AROOS (PRO),44,5
2023,10,5,23551, CRZP, CREMA ORDE√ëA (PRO),29,3
2023,10,5,23552, QUAMM, ADOBERA FUNDIR MOY 1/2KG 139,69.5,2
2023,10,5,23552, QUAM, ADOBERA FUNDIR MOY 1/4KG 139,34.75,2
2023,10,5,23552, TOHIR, TORTILLA HARINA IMPERIAL 8PZ,12.5,8
2023,10,5,23552, CRCCHORRO, CREMA IMPERIAL              ,44,9
2023,10,5,23553, JAPCPRP, JAMON PIERNA CAPIS 5KG (PRO) 97,485,1
2023,10,5,23554, QUCC2, QUESO CREMA IMPERIAL 2.2KG,112,1
2023,10,5,23555, TOEIP, TOCINO ESPECIAL IMPERIAL 122 ,122,0.5
2023,10,5,23556, QUOIP, QUESO OAXACA IMPERIAL PLATO (PRO) 89,89,2
2023,10,5,23556, QU, QUESO PANELA IMPERIAL 69,45,1
2023,10,5,23556, QUC1, QUESO COTIJA SECO 1 TROZO 107,107,3
2023,10,5,23557, QUOSJ, QUESO OAXACA IMPERIAL ORO 1/2KG 122,61,1
2023,10,5,23558, QUCC2, QUESO CREMA IMPERIAL 2.2KG,112,4
2023,10,5,23559, QUOIC, QUESO OAXACA IMPERIAL 1KG 89,89,4.59
2023,10,5,23559, CRP, CREMA PURA,22,7
2023,10,5,23560, CRCCHORRO, CREMA IMPERIAL              ,44,4
2023,10,5,23561, QU, QUESO PANELA IMPERIAL 69,45,2.092307692
2023,10,5,23561, CUE1, CUERITOS ENTEROS IMPERIAL 1KG,17.5,10
2023,10,5,23562, QUOIM, QUESO OAXACA IMPERIAL 1/2KG 89,44.5,1
2023,10,5,23562, QUOIMK, QUESO OAXACA IMPERIAL 1/4KG 89,22.25,1
2023,10,5,23562, CRIO, CREMA IMPERIAL ORO,59,0.5
2023,10,5,23563, QU, QUESO PANELA IMPERIAL 69,45,1.053846154
2023,10,5,23563, QUCMI, QUESO CUBICADO MIXTO IMPERIAL (PRO),79.5,2
2023,10,5,23563, CHEV3, CHILES ENTERO VITROLERO 3.8KG,65,1
2023,10,5,23564, QUMM, QUESO MOLIDO MONARCA 5KG BOLSA ,377.5,5
2023,10,5,23564, CRCMCHORROMAY, CREMA IMPERIAL MAYOREO,43,30
2023,10,5,23565, ARRI, ARRACHERA MARINADA IMPERIAL,83,1
2023,10,5,23565, CUP1, CUERITOS PICADOS IMPERIAL 1KG,17.5,2
2023,10,5,23565, CRCCHORRO, CREMA IMPERIAL              ,44,0.5
2023,10,5,23566, JAR, JAMON AMERICANO RIOJA (PRO),71,1
2023,10,5,23567, CUP1, CUERITOS PICADOS IMPERIAL 1KG,17.5,2
2023,10,5,23567, CRIO, CREMA IMPERIAL ORO,59,0.75
2023,10,5,23568, RET, RECORTE TOCINO IMPERIAL,69,7
2023,10,5,23569, CRCCHORRO, CREMA IMPERIAL              ,44,8
2023,10,5,23570, CRP, CREMA PURA,22,8
2023,10,5,23571, CRCCHORRO, CREMA IMPERIAL              ,44,7
2023,10,5,23571, TOEIP, TOCINO ESPECIAL IMPERIAL 122 ,122,3
2023,10,5,23572, QUOSJ, QUESO OAXACA IMPERIAL ORO 1/2KG 122,61,1
2023,10,5,23573, QUM, QUESO MOLIDO MONARCA ,76,0.5
2023,10,5,23573, CRIO, CREMA IMPERIAL ORO,59,3
2023,10,5,23574, CHPR, CHICHARRON PRENSADO ROJO (PRO) 129,129,0.53
2023,10,5,23574, CRIO, CREMA IMPERIAL ORO,59,1
2023,10,5,23574, TOEIP, TOCINO ESPECIAL IMPERIAL 122 ,122,1
2023,10,5,23575, CRIO, CREMA IMPERIAL ORO,59,0.5
2023,10,5,23576, QUBS, EXHIBIDOR QUESO BLANCO SABINO,123,1
2023,10,5,23576, QUCIMA, QUESO ASADERO CHELITA  1KG,89,1
2023,10,5,23576, QUCMI, QUESO CUBICADO MIXTO IMPERIAL (PRO),79.5,6
2023,10,5,23576, JAR, JAMON AMERICANO RIOJA (PRO),71,3
2023,10,5,23577, CHPR, CHICHARRON PRENSADO ROJO (PRO) 129,129,0.61
2023,10,5,23577, CRE, CREMA EXTRA,34,1
2023,10,5,23578, QUFSMM1, ADOBERA SAN MIGUEL DORADA 1K (PRO) 135,134,3.08
2023,10,5,23579, EXQAS, EXHIBIDOR QUESO AMARILLO SABINO,119,1
2023,10,5,23579, CHRV3, CHILES RODAJAS VITROLERO 3.8KG,69,1
2023,10,5,23580, QU, QUESO PANELA IMPERIAL 69,45,1
2023,10,5,23581, ARRI, ARRACHERA MARINADA IMPERIAL,83,5
2023,10,5,23581, RET, RECORTE TOCINO IMPERIAL,69,1.5
2023,10,5,23582, QUFSMM1, ADOBERA SAN MIGUEL DORADA 1K (PRO) 135,134,10.27
2023,10,5,23583, REIO, REQUESON IMPERIAL ORO 47,47,4
2023,10,5,23584, REIO, REQUESON IMPERIAL ORO 47,47,0.5
2023,10,5,23585, ADFRK, ADOBERA FUNDIR RAMIREZ 1KG (PRO) 106,106,6.72
2023,10,5,23585, CRZP, CREMA ORDE√ëA (PRO),29,2
2023,10,5,23586, CRCCHORRO, CREMA IMPERIAL              ,44,0.5
2023,10,5,23587, CRIOM, CREMA IMPERIAL ORO MAYOREO,58,12
2023,10,5,23587, JAR, JAMON AMERICANO RIOJA (PRO),71,5
2023,10,5,23588, EXQAD, EXHIBIDOR QUESO AMARILLO DAISY,93,1
2023,10,5,23589, QUFSMDM, ADOBERA SAN MIGUEL DORADA 1/2KG 135,67,4
2023,10,5,23590, QUOSC, QUESO OAXACA IMPERIAL ORO 1KG 122,122,1.98
2023,10,5,23591, EXQAS, EXHIBIDOR QUESO AMARILLO SABINO,119,1
2023,10,5,23592, CHRZG, CHILES RAJAS GRANEL (PRO),37,0.5
2023,10,5,23592, CRIO, CREMA IMPERIAL ORO,59,0.25
2023,10,5,23592, CRIO, CREMA IMPERIAL ORO,59,0.25
2023,10,5,23593, TOI, TOCINO IMPERIAL ,112,3
2023,10,5,23594, CUE1, CUERITOS ENTEROS IMPERIAL 1KG,17.5,1
2023,10,5,23594, QUN1, QUESO PARA NACHOS SABINO 1KG,24,1
2023,10,5,23594, QUC1, QUESO COTIJA SECO 1 TROZO 107,107,0.645
2023,10,5,23594, CRE, CREMA EXTRA,34,0.5
2023,10,5,23595, CRLL, CREMA LALA 900L ROJA,69,1
2023,10,5,23595, QUPC1, CUERITOS PICADOS CASTA√ëEDA 1KG (PRO),21,4
2023,10,5,23595, CREM, CREMA EXTRA MAYOREO,33,20
2023,10,5,23596, ARRI, ARRACHERA MARINADA IMPERIAL,83,5
2023,10,5,23597, ADMO1, ADOBERA MESA IMPERIAL ORO 1KG 105,105,2
2023,10,5,23597, QUFSMDM, ADOBERA SAN MIGUEL DORADA 1/2KG 135,67,2
2023,10,5,23597, CRE, CREMA EXTRA,34,4
2023,10,5,23597, JAR, JAMON AMERICANO RIOJA (PRO),71,4
2023,10,5,23598, RET, RECORTE TOCINO IMPERIAL,69,0.5
2023,10,5,23599, QUCC2, QUESO CREMA IMPERIAL 2.2KG,112,1
2023,10,5,23600, QUMEV, QUESO MOLIDO ECONOMICO VANIA (PRO),28,0.5
2023,10,5,23600, QUN1, QUESO PARA NACHOS SABINO 1KG,24,1
2023,10,5,23600, PEOV3, PEPINILLO IMPERIAL VITROLERO 3.8KG,65,1
2023,10,5,23601, ADMO1, ADOBERA MESA IMPERIAL ORO 1KG 105,105,7.43
2023,10,5,23601, QUFSMD, ADOBERA SAN MIGUEL DORADA 1/4KG 135,33.75,20
2023,10,5,23601, EXQAS, EXHIBIDOR QUESO AMARILLO SABINO,119,1
2023,10,5,23601, JAR, JAMON AMERICANO RIOJA (PRO),71,15
2023,10,5,23602, QUC1, QUESO COTIJA SECO 1 TROZO 107,107,8
2023,10,5,23603, ADMO1, ADOBERA MESA IMPERIAL ORO 1KG 105,105,6.035
2023,10,5,23604, TOEIP, TOCINO ESPECIAL IMPERIAL 122 ,122,0.25
2023,10,5,23605, CHRV3A, CHILES RAJAS VITROLERO 3.8KG,69,1
2023,10,5,23606, QUAMK, ADOBERA FUNDIR MOY 1KG 139,139,0.93
2023,10,5,23606, REIO, REQUESON IMPERIAL ORO 47,47,2
2023,10,5,23607, TOHIR, TORTILLA HARINA IMPERIAL 8PZ,12.5,2
2023,10,5,23607, CRCCHORRO, CREMA IMPERIAL              ,44,3
2023,10,5,23608, CRCCHORRO, CREMA IMPERIAL              ,44,1
2023,10,5,23609, CRCCHORRO, CREMA IMPERIAL              ,44,0.5
2023,10,5,23610, QUFSMM1, ADOBERA SAN MIGUEL DORADA 1K (PRO) 135,134,1.055
2023,10,5,23610, QUFSMDM, ADOBERA SAN MIGUEL DORADA 1/2KG 135,67,1
2023,10,5,23610, REIO, REQUESON IMPERIAL ORO 47,47,0.5
2023,10,5,23610, CRE, CREMA EXTRA,34,3
2023,10,5,23611, ARRI, ARRACHERA MARINADA IMPERIAL,83,8
2023,10,5,23611, QUCMI, QUESO CUBICADO MIXTO IMPERIAL (PRO),79.5,2
2023,10,5,23611, RET, RECORTE TOCINO IMPERIAL,69,1
2023,10,5,23612, CRCCHORRO, CREMA IMPERIAL              ,44,1.5
2023,10,5,23613, ADMO1, ADOBERA MESA IMPERIAL ORO 1KG 105,105,1.025
2023,10,5,23614, QUCMI, QUESO CUBICADO MIXTO IMPERIAL (PRO),79.5,3
2023,10,5,23614, CHPR, CHICHARRON PRENSADO ROJO (PRO) 129,129,0.5
2023,10,5,23614, CRIO, CREMA IMPERIAL ORO,59,1
2023,10,5,23615, CUE1, CUERITOS ENTEROS IMPERIAL 1KG,17.5,10
2023,10,5,23616, CRIO, CREMA IMPERIAL ORO,59,0.5
2023,10,5,23617, SAPZC1, SALCHICHA PAVO CAPIS 1KG (PRO),62,1
2023,10,5,23617, BASC, BASE SABINO 17KG,158,1
2023,10,5,23618, JAR, JAMON AMERICANO RIOJA (PRO),71,5
2023,10,5,23619, CALDC1, CAJETA LUPERCIO DOBLE CREMA 1KG (PRO),59,2
2023,10,5,23619, QUC1, QUESO COTIJA SECO 1 TROZO 107,107,4.33
2023,10,5,23619, TOEIP, TOCINO ESPECIAL IMPERIAL 122 ,122,3
2023,10,5,23620, ADMO1, ADOBERA MESA IMPERIAL ORO 1KG 105,105,1.04
2023,10,5,23621, QUAMK, ADOBERA FUNDIR MOY 1KG 139,139,0.735
2023,10,5,23621, QUCB, QUESO CREMA IMPERIAL KILO,53,1
2023,10,5,23621, CRE, CREMA EXTRA,34,3
2023,10,5,23622, CRCCHORRO, CREMA IMPERIAL              ,44,0.5
2023,10,5,23623, QUCMI, QUESO CUBICADO MIXTO IMPERIAL (PRO),79.5,1
2023,10,5,23623, CRCCHORRO, CREMA IMPERIAL              ,44,2
2023,10,5,23624, MAD, MARGARINA DAISY 1KG,55,4
2023,10,5,23624, QUMEV, QUESO MOLIDO ECONOMICO VANIA (PRO),28,2
2023,10,5,23624, QUMEVB, QUESO MOLIDO ECONOMICO VANIA (PRO) 5KG,137.5,1
2023,10,5,23624, REIO, REQUESON IMPERIAL ORO 47,47,2
2023,10,5,23624, CREM, CREMA EXTRA MAYOREO,33,32
2023,10,5,23624, JAR, JAMON AMERICANO RIOJA (PRO),71,4.5
2023,10,5,23625, JAR, JAMON AMERICANO RIOJA (PRO),71,1
2023,10,5,23626, JAPCPR, JAMON PIERNA CAPIS (PRO),99,0.5
2023,10,5,23627, SAPZC1, SALCHICHA PAVO CAPIS 1KG (PRO),62,1
2023,10,5,23628, QUMM, QUESO MOLIDO MONARCA 5KG BOLSA ,377.5,1
2023,10,5,23629, SAPZCM, SALCHICHA PAVO CAPIS 1/2KG (PRO),33.5,1
2023,10,5,23629, CHRZG, CHILES RAJAS GRANEL (PRO),37,0.25
2023,10,5,23630, QUMEVB, QUESO MOLIDO ECONOMICO VANIA (PRO) 5KG,137.5,6
2023,10,5,23630, CRPC, CREMA PURA CUBETA 18KG,390,2
2023,10,5,23630, JACC, JAMON CALIFORNIA CAPIS (PRO),77,3.5
2023,10,5,23631, QUCB, QUESO CREMA IMPERIAL KILO,53,3
2023,10,5,23632, CUP1, CUERITOS PICADOS IMPERIAL 1KG,17.5,3
2023,10,5,23633, QUC1, QUESO COTIJA SECO 1 TROZO 107,107,1
2023,10,5,23634, TOI, TOCINO IMPERIAL ,112,1
2023,10,5,23634, CRCCHORRO, CREMA IMPERIAL              ,44,1
2023,10,5,23635, ZAVCP, ZANAHORIAS CASTANEDA CUBETA (PRO),129,1
2023,10,5,23636, CRE, CREMA EXTRA,34,10
2023,10,5,23637, BASC, BASE SABINO 17KG,158,2
2023,10,5,23637, CREC, CREMA EXTRA CUBETA 18KG,614,1
2023,10,5,23637, LED24C, LECHERA DUPAOLI 24KG CUBETA GRANDE,1105,1
2023,10,5,23638, CRP, CREMA PURA,22,2
2023,10,5,23639, CAYGC, CATSUP YOLI GALON (4PZ),273,3
2023,10,5,23640, ADFRM, ADOBERA FUNDIR RAMIREZ 1/2KG (PRO) 106,53,1
2023,10,5,23641, CRBTCHANTILLY, CREMA BATIDA TAPALPA 1KG BOLSA,56,1
2023,10,5,23641, QUCMI, QUESO CUBICADO MIXTO IMPERIAL (PRO),79.5,1
2023,10,5,23641, CRCCHORRO, CREMA IMPERIAL              ,44,1
2023,10,5,23642, QUOSC, QUESO OAXACA IMPERIAL ORO 1KG 122,122,1
2023,10,5,23642, QU, QUESO PANELA IMPERIAL 69,45,1.076923077
2023,10,5,23643, ARRI, ARRACHERA MARINADA IMPERIAL,83,4
2023,10,5,23643, QUCMI, QUESO CUBICADO MIXTO IMPERIAL (PRO),79.5,3
2023,10,5,23644, CRE, CREMA EXTRA,34,1
2023,10,5,23644, CRCCHORRO, CREMA IMPERIAL              ,44,0.5
2023,10,5,23645, QUM, QUESO MOLIDO MONARCA ,76,2
2023,10,5,23645, CRCCHORRO, CREMA IMPERIAL              ,44,4
2023,10,5,23646, ADMO1, ADOBERA MESA IMPERIAL ORO 1KG 105,105,1
2023,10,5,23646, QU, QUESO PANELA IMPERIAL 69,45,1
2023,10,5,23647, MOY3, MOSTAZA YOLI 3.8KG,91,1
2023,10,5,23647, CRE, CREMA EXTRA,34,3
2023,10,5,23648, CRE, CREMA EXTRA,34,1
2023,10,5,23649, TOEIP, TOCINO ESPECIAL IMPERIAL 122 ,122,1
2023,10,5,23650, QUC1, QUESO COTIJA SECO 1 TROZO 107,107,0.51
2023,10,5,23651, REIO, REQUESON IMPERIAL ORO 47,47,4.02
2023,10,5,23651, CHPR, CHICHARRON PRENSADO ROJO (PRO) 129,129,5.05
2023,10,5,23652, TOI, TOCINO IMPERIAL ,112,1
2023,10,5,23653, CHRCAO, CHILES RAJAS CUBETA CASTA√ëEDA (PRO),309,1
2023,10,5,23653, CRIO, CREMA IMPERIAL ORO,59,12.5
2023,10,5,23653, TOZFR1, TOCINO ESPECIAL ACOMODADO 129,129,13
2023,10,5,23653, TOZFRA, TOCINO ESPECIAL ACOMODADO MAYOREO 127,127,5
2023,10,5,23654, QUCAI, QUESO COTIJA ANEJO IMPERIAL 154,154,46
2023,10,5,23655, TOHIR, TORTILLA HARINA IMPERIAL 8PZ,12.5,8
2023,10,5,23655, CRE, CREMA EXTRA,34,2
2023,10,5,23656, ARRI, ARRACHERA MARINADA IMPERIAL,83,10
2023,10,5,23657, QUOIC1, QUESO OAXACA CUBICADO IMPERIAL 1KG 89,89,1
2023,10,5,23657, RET, RECORTE TOCINO IMPERIAL,69,1.5
2023,10,5,23658, ADMO1, ADOBERA MESA IMPERIAL ORO 1KG 105,105,1.03
2023,10,5,23658, QUOIP, QUESO OAXACA IMPERIAL PLATO (PRO) 89,89,1
2023,10,5,23658, REIO, REQUESON IMPERIAL ORO 47,47,1
2023,10,5,23659, TOEIP, TOCINO ESPECIAL IMPERIAL 122 ,122,0.5
2023,10,5,23660, REZ, REQUESON ORDENA (PRO) 43,43,0.54
2023,10,5,23660, QUM, QUESO MOLIDO MONARCA ,76,1.5
2023,10,5,23660, QUC1M, QUESO COTIJA SECO 1 MOLIDO 107,107,1
2023,10,5,23661, QUAMM, ADOBERA FUNDIR MOY 1/2KG 139,69.5,3
2023,10,5,23661, CRCCHORRO, CREMA IMPERIAL              ,44,2
2023,10,5,23662, ADFSME, ADOBERA FUNDIR SANDRITA 1/2KG 165,82.5,2
2023,10,5,23662, ADFS, ADOBERA FUNDIR SANDRITA 1/4KG 165,41.25,8
2023,10,5,23663, CUMK, CUERITOS MEXICANO 1KG,22.5,5
2023,10,5,23664, CUE1, CUERITOS ENTEROS IMPERIAL 1KG,17.5,2
2023,10,5,23665, REZ, REQUESON ORDENA (PRO) 43,43,0.7
2023,10,5,23665, CUE1, CUERITOS ENTEROS IMPERIAL 1KG,17.5,1
2023,10,5,23665, CRE, CREMA EXTRA,34,0.5
2023,10,5,23666, REZ, REQUESON ORDENA (PRO) 43,43,0.265
2023,10,5,23667, QUOSM, QUESO OAXACA SAN MIGUEL 1KG (PRO) 136,136,1.105
2023,10,5,23667, CRIO, CREMA IMPERIAL ORO,59,1
2023,10,5,23668, ZCAPG, CATSUP EN PORCIONES 8GR (1000PZ) (GMI),195,6
2023,10,5,23668, CRAC3, CREMA AVELLANAS ASTRA 3KG,389,5
2023,10,5,23669, ADFSK, ADOBERA FUNDIR SANDRITA 165,165,2.635
2023,10,5,23669, QUFSMM1, ADOBERA SAN MIGUEL DORADA 1K (PRO) 135,134,2.02
2023,10,5,23669, QUOSMC, QUESO OAXACA SAN MIGUEL 1/4K (PRO) 136,34,6
2023,10,5,23669, QU, QUESO PANELA IMPERIAL 69,45,3
2023,10,5,23669, QUFSMDM, ADOBERA SAN MIGUEL DORADA 1/2KG 135,67,6
2023,10,5,23669, CUMK, CUERITOS MEXICANO 1KG,22.5,6
2023,10,5,23669, EXQAS, EXHIBIDOR QUESO AMARILLO SABINO,119,1
2023,10,5,23669, QUOCC, QUESO ASADERO CHELITA IMPERIAL 1/4KG ,22.25,6
2023,10,5,23669, JACC, JAMON CALIFORNIA CAPIS (PRO),77,2
2023,10,5,23670, MAD1K, MANTEQUILLA DAISY 1KG,107,1
2023,10,5,23671, QUCIMA, QUESO ASADERO CHELITA  1KG,89,5
2023,10,5,23672, QUCMI, QUESO CUBICADO MIXTO IMPERIAL (PRO),79.5,5
2023,10,5,23672, CHRZG, CHILES RAJAS GRANEL (PRO),37,1
2023,10,5,23672, CRE, CREMA EXTRA,34,3
2023,10,5,23673, CRL4, CREMA LALA 4L CUBETA  (PRO),219,1
2023,10,5,23673, CARA, CARNE RES AMPARITO 1KG,66,2
2023,10,5,23674, QUCIMA, QUESO ASADERO CHELITA  1KG,89,1
2023,10,5,23674, SAPAZ, LA CLAVE CAMBIO,56,1
2023,10,5,23674, ZAVCP, ZANAHORIAS CASTANEDA CUBETA (PRO),129,1
2023,10,5,23674, BORI, CHILES RODAJAS IMPERIAL 3KG BOLSA,62,1
2023,10,5,23675, QUAM, ADOBERA FUNDIR MOY 1/4KG 139,34.75,8
2023,10,5,23675, QUC1PC, QUESO COTIJA SECO 1 PIEZA CHICA 3K 107,321,3
2023,10,5,23675, QUOIP, QUESO OAXACA IMPERIAL PLATO (PRO) 89,89,4
2023,10,5,23675, CRCMCHORROMAY, CREMA IMPERIAL MAYOREO,43,12
2023,10,5,23676, CUE1, CUERITOS ENTEROS IMPERIAL 1KG,17.5,1
2023,10,5,23676, CRCCHORRO, CREMA IMPERIAL              ,44,1
2023,10,5,23677, CRL4, CREMA LALA 4L CUBETA  (PRO),219,1
2023,10,5,23677, QUCMI, QUESO CUBICADO MIXTO IMPERIAL (PRO),79.5,2
2023,10,5,23677, JAR, JAMON AMERICANO RIOJA (PRO),71,2
2023,10,5,23678, QUCC2, QUESO CREMA IMPERIAL 2.2KG,112,1
2023,10,5,23679, CRCCHORRO, CREMA IMPERIAL              ,44,1
2023,10,5,23680, RET, RECORTE TOCINO IMPERIAL,69,0.5
2023,10,5,23681, CRAC3, CREMA AVELLANAS ASTRA 3KG,389,20
2023,10,5,23682, CRE, CREMA EXTRA,34,1
2023,10,5,23683, EXQAS, EXHIBIDOR QUESO AMARILLO SABINO,119,1
2023,10,5,23684, REZ, REQUESON ORDENA (PRO) 43,43,0.995
2023,10,5,23685, MAD, MARGARINA DAISY 1KG,55,1
2023,10,5,23686, TOEIP, TOCINO ESPECIAL IMPERIAL 122 ,122,0.25
2023,10,5,23687, TOEIP, TOCINO ESPECIAL IMPERIAL 122 ,122,0.5
2023,10,5,23688, CRIOC, CREMA IMPERIAL ORO CUBETA 18KG,1064,1
2023,10,5,23689, CHRCA, CHILES RAJAS IMPERIAL CUBETA 10KG,299,1
2023,10,5,23690, QUAMM, ADOBERA FUNDIR MOY 1/2KG 139,69.5,1
2023,10,5,23691, RET, RECORTE TOCINO IMPERIAL,69,0.25
2023,10,5,23692, CRIO, CREMA IMPERIAL ORO,59,0.5
2023,10,5,23693, CRIO, CREMA IMPERIAL ORO,59,1
2023,10,5,23694, ADFRK, ADOBERA FUNDIR RAMIREZ 1KG (PRO) 106,106,10.13
2023,10,5,23694, MADC, MARGARINA DAISY 1KG (10PZ),519,10
2023,10,5,23694, CRIO, CREMA IMPERIAL ORO,59,4
2023,10,5,23695, QUCMI, QUESO CUBICADO MIXTO IMPERIAL (PRO),79.5,1
2023,10,5,23695, REIO, REQUESON IMPERIAL ORO 47,47,1
2023,10,5,23695, CAP8C, CATSUP EN PORCIONES 8GR (200PZ),48,1
2023,10,5,23695, JAP8C, JALAPENO EN PORCIONES 8GR (200PZ),51,1
2023,10,5,23696, CHRV3A, CHILES RAJAS VITROLERO 3.8KG,69,1
2023,10,5,23696, CRCCHORRO, CREMA IMPERIAL              ,44,1.5
2023,10,5,23697, ADMO1, ADOBERA MESA IMPERIAL ORO 1KG 105,105,1.91
2023,10,5,23697, QU, QUESO PANELA IMPERIAL 69,45,1.930769231
2023,10,5,23697, CRIO, CREMA IMPERIAL ORO,59,1.5
2023,10,5,23698, QUCMI, QUESO CUBICADO MIXTO IMPERIAL (PRO),79.5,1
2023,10,5,23699, ADMO1, ADOBERA MESA IMPERIAL ORO 1KG 105,105,4.05
2023,10,5,23700, QUPC, QUESO PANELA IMPERIAL CUADRADA 1KG 69,69,1.0754
2023,10,5,23700, TOHIR, TORTILLA HARINA IMPERIAL 8PZ,12.5,3
2023,10,5,23700, CRCCHORRO, CREMA IMPERIAL              ,44,1
2023,10,5,23701, QUCIMAC, QUESO ASADERO CHELITA 1KG MAYOREO,88,20
2023,10,5,23701, QUCMMD, QUESO CUBICADO MIXTO MAYOREO (PRO),77.5,50
2023,10,5,23701, JAPCPR, JAMON PIERNA CAPIS (PRO),99,5
2023,10,5,23701, TOEIP, TOCINO ESPECIAL IMPERIAL 122 ,122,5
2023,10,5,23702, EXQADP, EXHIBIDOR QUESO AMARILLO DAISY (6PZ),566,2
2023,10,5,23703, QUFSMDM, ADOBERA SAN MIGUEL DORADA 1/2KG 135,67,3
2023,10,5,23703, CRCCHORRO, CREMA IMPERIAL              ,44,1
2023,10,5,23704, CRE, CREMA EXTRA,34,22.5
2023,10,5,23705, QUOIM, QUESO OAXACA IMPERIAL 1/2KG 89,44.5,1
2023,10,5,23706, QUMEV, QUESO MOLIDO ECONOMICO VANIA (PRO),28,3
2023,10,5,23706, CRP, CREMA PURA,22,5
2023,10,5,23707, SAPZC1, SALCHICHA PAVO CAPIS 1KG (PRO),62,1
2023,10,5,23708, CRL4, CREMA LALA 4L CUBETA  (PRO),219,1
2023,10,5,23709, QUC1, QUESO COTIJA SECO 1 TROZO 107,107,0.66
2023,10,5,23709, CRE, CREMA EXTRA,34,1
2023,10,5,23710, QUC1, QUESO COTIJA SECO 1 TROZO 107,107,0.59
2023,10,5,23711, QUFSMM1, ADOBERA SAN MIGUEL DORADA 1K (PRO) 135,134,1.945
2023,10,5,23711, QUFSMM1, ADOBERA SAN MIGUEL DORADA 1K (PRO) 135,134,1.99
2023,10,5,23712, QUMEV, QUESO MOLIDO ECONOMICO VANIA (PRO),28,0.5
2023,10,5,23712, CRE, CREMA EXTRA,34,0.75
2023,10,5,23713, QUPCB, QUESO PANELA ORO 85 ,55,1
2023,10,5,23714, CHRZG, CHILES RAJAS GRANEL (PRO),37,1
2023,10,5,23715, QUCCMD, QUESO CREMA IMPERIAL 2.2 MAYOREO,110,15
2023,10,5,23715, QUCB, QUESO CREMA IMPERIAL KILO,53,1
2023,10,5,23716, CRL4, CREMA LALA 4L CUBETA  (PRO),219,1
2023,10,5,23716, QUCMI, QUESO CUBICADO MIXTO IMPERIAL (PRO),79.5,4
2023,10,5,23716, CHRCAO, CHILES RAJAS CUBETA CASTA√ëEDA (PRO),309,1
2023,10,5,23716, CATB20, CATSUP TITA BLANCA 20KG CUBETA GDE,364,1
2023,10,5,23717, QU, QUESO PANELA IMPERIAL 69,45,10.44615385
2023,10,5,23717, TOJI, TORTILLA HARINA IMPERIAL 10PZ JUMBO ,42,2
2023,10,5,23718, QU, QUESO PANELA IMPERIAL 69,45,1
2023,10,5,23718, MAD1K, MANTEQUILLA DAISY 1KG,107,1
2023,10,5,23719, CRCCHORRO, CREMA IMPERIAL              ,44,1
2023,10,5,23720, CRBLK, CREMA PARA BATIR LYNCOTT 1L,87,17
2023,10,5,23720, ACOM1, ACEITE OLIVA E.V. MONASTERIO 1L,89,1
2023,10,5,23721, TOZFR1, TOCINO ESPECIAL ACOMODADO 129,129,3
2023,10,5,23722, QU, QUESO PANELA IMPERIAL 69,45,1
2023,10,5,23722, ACOM1, ACEITE OLIVA E.V. MONASTERIO 1L,89,1
2023,10,5,23722, CRIO, CREMA IMPERIAL ORO,59,0.5
2023,10,5,23723, CRCCHORRO, CREMA IMPERIAL              ,44,8
2023,10,5,23724, CRL4, CREMA LALA 4L CUBETA  (PRO),219,8
2023,10,5,23725, QUOIC, QUESO OAXACA IMPERIAL 1KG 89,89,4.14
2023,10,5,23725, CRCCHORRO, CREMA IMPERIAL              ,44,2
2023,10,5,23726, CRCCHORRO, CREMA IMPERIAL              ,44,4
2023,10,5,23726, CATR20, CATSUP TITA ROJA 20KG CUBETA,321,1
2023,10,5,23727, CRCCHORRO, CREMA IMPERIAL              ,44,0.5
2023,10,5,23728, BASC, BASE SABINO 17KG,158,4
2023,10,5,23729, CRCCHORRO, CREMA IMPERIAL              ,44,1
2023,10,5,23730, QUFSMDM, ADOBERA SAN MIGUEL DORADA 1/2KG 135,67,1
2023,10,5,23730, REIO, REQUESON IMPERIAL ORO 47,47,1
2023,10,5,23731, CRIO, CREMA IMPERIAL ORO,59,0.5
2023,10,5,23732, QUAM, ADOBERA FUNDIR MOY 1/4KG 139,34.75,6
2023,10,5,23732, QUOIP, QUESO OAXACA IMPERIAL PLATO (PRO) 89,89,2
2023,10,5,23732, CRCCHORRO, CREMA IMPERIAL              ,44,3
2023,10,5,23732, CRCCHORRO, CREMA IMPERIAL              ,44,2
2023,10,5,23733, CUE1, CUERITOS ENTEROS IMPERIAL 1KG,17.5,4
2023,10,5,23734, CRCCHORRO, CREMA IMPERIAL              ,44,0.5
2023,10,5,23735, QUAMK, ADOBERA FUNDIR MOY 1KG 139,139,1.22
2023,10,5,23735, SAVA, SALCHICHA VIENA AROOS 1K PAQUETE CHICO,39,1
2023,10,5,23735, CRE, CREMA EXTRA,34,2
2023,10,5,23736, CRCCHORRO, CREMA IMPERIAL              ,44,1
2023,10,5,23737, CRL4, CREMA LALA 4L CUBETA  (PRO),219,2
2023,10,5,23738, CHRZG, CHILES RAJAS GRANEL (PRO),37,0.25
2023,10,5,23739, TOJIM, TORTILLA JUMBO IMPERIAL MAYOREO,41,20
2023,10,5,23740, QUOIC, QUESO OAXACA IMPERIAL 1KG 89,89,2.205
2023,10,5,23740, TOHIR, TORTILLA HARINA IMPERIAL 8PZ,12.5,3
2023,10,5,23740, CRCCHORRO, CREMA IMPERIAL              ,44,3
2023,10,5,23741, SAPZC1, SALCHICHA PAVO CAPIS 1KG (PRO),62,1
2023,10,5,23742, CHEP, CHORIZO EL PASTOR 89 (PRO),89,5
2023,10,5,23743, QUMEV, QUESO MOLIDO ECONOMICO VANIA (PRO),28,1.5
2023,10,5,23743, REIO, REQUESON IMPERIAL ORO 47,47,1
2023,10,5,23743, CRZP, CREMA ORDE√ëA (PRO),29,2
2023,10,5,23744, ADMO1, ADOBERA MESA IMPERIAL ORO 1KG 105,105,5.108
2023,10,5,23745, TOHIR, TORTILLA HARINA IMPERIAL 8PZ,12.5,50
2023,10,5,23746, REIO, REQUESON IMPERIAL ORO 47,47,0.25
2023,10,5,23747, CALDC1, CAJETA LUPERCIO DOBLE CREMA 1KG (PRO),59,2
2023,10,5,23748, CRP, CREMA PURA,22,3
2023,10,5,23749, CRCCHORRO, CREMA IMPERIAL              ,44,2
2023,10,5,23750, QUOIC, QUESO OAXACA IMPERIAL 1KG 89,89,1.25
2023,10,5,23750, CRCCHORRO, CREMA IMPERIAL              ,44,2
2023,10,5,23751, TOZFR1, TOCINO ESPECIAL ACOMODADO 129,129,3
2023,10,5,23752, EXQAS, EXHIBIDOR QUESO AMARILLO SABINO,119,1
2023,10,5,23753, QUPC, QUESO PANELA IMPERIAL CUADRADA 1KG 69,69,1
2023,10,5,23754, QUFSMM1, ADOBERA SAN MIGUEL DORADA 1K (PRO) 135,134,6.385
2023,10,5,23755, QUN1, QUESO PARA NACHOS SABINO 1KG,24,1
2023,10,5,23755, CHRZG, CHILES RAJAS GRANEL (PRO),37,1.5
2023,10,5,23755, CAT4, CATSUP TITA 4.5KG,89,1
2023,10,5,23755, CRCCHORRO, CREMA IMPERIAL              ,44,20
2023,10,5,23756, EXQAS, EXHIBIDOR QUESO AMARILLO SABINO,119,1
2023,10,5,23756, TOI, TOCINO IMPERIAL ,112,2
2023,10,5,23756, CRCCHORRO, CREMA IMPERIAL              ,44,2
2023,10,5,23757, CHPR, CHICHARRON PRENSADO ROJO (PRO) 129,129,0.5
2023,10,5,23757, CRE, CREMA EXTRA,34,0.5
2023,10,5,23757, CRZP, CREMA ORDE√ëA (PRO),29,2
2023,10,5,23758, QUOSM, QUESO OAXACA SAN MIGUEL 1KG (PRO) 136,136,4
2023,10,5,23758, REZ, REQUESON ORDENA (PRO) 43,43,3
2023,10,5,23758, CUP1, CUERITOS PICADOS IMPERIAL 1KG,17.5,2
2023,10,5,23758, QUMM, QUESO MOLIDO MONARCA 5KG BOLSA ,377.5,1
2023,10,5,23758, CRCCHORRO, CREMA IMPERIAL              ,44,4
2023,10,5,23759, CRIO, CREMA IMPERIAL ORO,59,2
2023,10,5,23760, REIO, REQUESON IMPERIAL ORO 47,47,0.3
2023,10,5,23760, QUC1, QUESO COTIJA SECO 1 TROZO 107,107,0.56
2023,10,5,23760, CRCCHORRO, CREMA IMPERIAL              ,44,0.25
2023,10,5,23761, QUCB, QUESO CREMA IMPERIAL KILO,53,1
2023,10,5,23761, CRCCHORRO, CREMA IMPERIAL              ,44,3
2023,10,5,23762, CREC, CREMA EXTRA CUBETA 18KG,614,3
2023,10,5,23763, ARRI, ARRACHERA MARINADA IMPERIAL,83,14
2023,10,5,23764, CRAC3, CREMA AVELLANAS ASTRA 3KG,389,15
2023,10,5,23765, ADMO1, ADOBERA MESA IMPERIAL ORO 1KG 105,105,7.885
2023,10,5,23765, CRIO, CREMA IMPERIAL ORO,59,3
2023,10,5,23766, TOHIR, TORTILLA HARINA IMPERIAL 8PZ,12.5,2
2023,10,5,23767, CRL4, CREMA LALA 4L CUBETA  (PRO),219,1
2023,10,5,23768, QUCMI, QUESO CUBICADO MIXTO IMPERIAL (PRO),79.5,1
2023,10,5,23768, REIO, REQUESON IMPERIAL ORO 47,47,1
2023,10,5,23768, CRE, CREMA EXTRA,34,0.5
2023,10,5,23769, REZ, REQUESON ORDENA (PRO) 43,43,1.07
2023,10,5,23769, QUCIMA, QUESO ASADERO CHELITA  1KG,89,3
2023,10,5,23769, CHPR, CHICHARRON PRENSADO ROJO (PRO) 129,129,0.925
2023,10,5,23770, QUCMI, QUESO CUBICADO MIXTO IMPERIAL (PRO),79.5,1
2023,10,5,23771, QUOIP, QUESO OAXACA IMPERIAL PLATO (PRO) 89,89,1.07
2023,10,5,23771, QUCB, QUESO CREMA IMPERIAL KILO,53,1
2023,10,5,23771, REIO, REQUESON IMPERIAL ORO 47,47,1
2023,10,5,23772, CRE, CREMA EXTRA,34,1
2023,10,5,23773, CRIO, CREMA IMPERIAL ORO,59,0.5
2023,10,5,23774, QUOSJ, QUESO OAXACA IMPERIAL ORO 1/2KG 122,61,2
2023,10,5,23774, MAD1K, MANTEQUILLA DAISY 1KG,107,1
2023,10,5,23774, CRCCHORRO, CREMA IMPERIAL              ,44,2
2023,10,5,23774, TOEIP, TOCINO ESPECIAL IMPERIAL 122 ,122,0.25
2023,10,5,23775, CRIOC, CREMA IMPERIAL ORO CUBETA 18KG,1064,1
2023,10,5,23776, ARRI, ARRACHERA MARINADA IMPERIAL,83,5
2023,10,5,23776, QUCMI, QUESO CUBICADO MIXTO IMPERIAL (PRO),79.5,6
2023,10,5,23777, ADFSK, ADOBERA FUNDIR SANDRITA 165,165,5.65
2023,10,5,23777, ADFSK, ADOBERA FUNDIR SANDRITA 165,165,4.655
2023,10,5,23777, ADMO1, ADOBERA MESA IMPERIAL ORO 1KG 105,105,5.99
2023,10,5,23777, QUC1, QUESO COTIJA SECO 1 TROZO 107,107,6.29
2023,10,5,23778, QU, QUESO PANELA IMPERIAL 69,45,2.061538462
2023,10,5,23779, QUCMI, QUESO CUBICADO MIXTO IMPERIAL (PRO),79.5,12
2023,10,5,23779, JACR, JAMON COCIDO RIOJA (PRO),63,5
2023,10,5,23780, QUBS, EXHIBIDOR QUESO BLANCO SABINO,123,3
2023,10,5,23780, CRCCHORRO, CREMA IMPERIAL              ,44,3
2023,10,5,23781, QUOSC, QUESO OAXACA IMPERIAL ORO 1KG 122,122,1
2023,10,5,23782, CRIO, CREMA IMPERIAL ORO,59,1
2023,10,5,23783, QUAMM, ADOBERA FUNDIR MOY 1/2KG 139,69.5,1
2023,10,5,23783, REZ, REQUESON ORDENA (PRO) 43,43,1
2023,10,5,23783, QUMEV, QUESO MOLIDO ECONOMICO VANIA (PRO),28,1
2023,10,5,23783, CRP, CREMA PURA,22,1.5
2023,10,5,23784, ADMO1, ADOBERA MESA IMPERIAL ORO 1KG 105,105,2.205
2023,10,5,23785, ARRI, ARRACHERA MARINADA IMPERIAL,83,2
2023,10,5,23785, MOB950, MOSTAZA YOLI IKG,25,1
2023,10,5,23786, CRL4, CREMA LALA 4L CUBETA  (PRO),219,3
2023,10,5,23786, ADR, ADEREZO RANCH SABINO 3.4KG ,159,2
2023,10,5,23787, CRP, CREMA PURA,22,0.5
2023,10,5,23788, QUM, QUESO MOLIDO MONARCA ,76,1
2023,10,5,23788, CRE, CREMA EXTRA,34,2
2023,10,6,23789, QU, QUESO PANELA IMPERIAL 69,45,1
2023,10,6,23789, QUCMI, QUESO CUBICADO MIXTO IMPERIAL (PRO),79.5,6
2023,10,6,23789, BORI, CHILES RODAJAS IMPERIAL 3KG BOLSA,62,1
2023,10,6,23789, CRCCHORRO, CREMA IMPERIAL              ,44,0.5
2023,10,6,23789, TOZFR1, TOCINO ESPECIAL ACOMODADO 129,129,0.5
2023,10,6,23790, QUPCB, QUESO PANELA ORO 85 ,55,1
2023,10,6,23790, CRIO, CREMA IMPERIAL ORO,59,0.5
2023,10,6,23791, MAD1K, MANTEQUILLA DAISY 1KG,107,1
2023,10,6,23791, SAVZC1, SALCHICHA VIENA CAPIS 1KG (PRO),57.5,1
2023,10,6,23792, QU, QUESO PANELA IMPERIAL 69,45,3.161538462
2023,10,6,23793, CHPR, CHICHARRON PRENSADO ROJO (PRO) 129,129,5.49
2023,10,6,23793, ZCAPG, CATSUP EN PORCIONES 8GR (1000PZ) (GMI),195,3
2023,10,6,23793, CHRV3A, CHILES RAJAS VITROLERO 3.8KG,69,1
2023,10,6,23794, CRP, CREMA PURA,22,1
2023,10,6,23795, TOEIP, TOCINO ESPECIAL IMPERIAL 122 ,122,0.5
2023,10,6,23796, QUMM, QUESO MOLIDO MONARCA 5KG BOLSA ,377.5,2
2023,10,6,23797, CRL4, CREMA LALA 4L CUBETA  (PRO),219,1
2023,10,6,23797, MAD1K, MANTEQUILLA DAISY 1KG,107,1
2023,10,6,23798, TOEIP, TOCINO ESPECIAL IMPERIAL 122 ,122,10
2023,10,6,23799, CAP, CATSUP EN PORCIONES 8GR (1000PZ)GRANDE,209,1
2023,10,6,23800, ADFSME, ADOBERA FUNDIR SANDRITA 1/2KG 165,82.5,4
2023,10,6,23800, CRIO, CREMA IMPERIAL ORO,59,2
2023,10,6,23800, TOEIP, TOCINO ESPECIAL IMPERIAL 122 ,122,0.25
2023,10,6,23801, ARRI, ARRACHERA MARINADA IMPERIAL,83,2
2023,10,6,23802, CRIO, CREMA IMPERIAL ORO,59,0.5
2023,10,6,23803, PEOV3, PEPINILLO IMPERIAL VITROLERO 3.8KG,65,1
2023,10,6,23804, RET, RECORTE TOCINO IMPERIAL,69,1
2023,10,6,23804, CRIO, CREMA IMPERIAL ORO,59,0.25
2023,10,6,23804, CRP, CREMA PURA,22,1
2023,10,6,23804, JAPVVV, JAMON PAVO AROOS (PRO),71.5,1.5
2023,10,6,23805, QUAMMM, QUESO ASADERO MOY 1KG (PRO),134,6.69
2023,10,6,23805, QUOSM, QUESO OAXACA SAN MIGUEL 1KG (PRO) 136,136,7.14
2023,10,6,23806, CRP, CREMA PURA,22,1
2023,10,6,23807, ADMO1, ADOBERA MESA IMPERIAL ORO 1KG 105,105,1.115
2023,10,6,23807, REIO, REQUESON IMPERIAL ORO 47,47,1
2023,10,6,23808, QUOIC, QUESO OAXACA IMPERIAL 1KG 89,89,1.375
2023,10,6,23809, CRCCHORRO, CREMA IMPERIAL              ,44,1
2023,10,6,23810, QUOSC, QUESO OAXACA IMPERIAL ORO 1KG 122,122,0.335
2023,10,6,23811, QUAMM, ADOBERA FUNDIR MOY 1/2KG 139,69.5,3
2023,10,6,23811, QUAM, ADOBERA FUNDIR MOY 1/4KG 139,34.75,1
2023,10,6,23812, ADMO1, ADOBERA MESA IMPERIAL ORO 1KG 105,105,2.025
2023,10,6,23812, QU, QUESO PANELA IMPERIAL 69,45,1.061538462
2023,10,6,23813, JAEA, JAMON ESPALDILLA AROOS (PRO),44,3
2023,10,6,23814, QUOIC, QUESO OAXACA IMPERIAL 1KG 89,89,2.235
2023,10,6,23815, LED24C, LECHERA DUPAOLI 24KG CUBETA GRANDE,1105,1
2023,10,6,23816, CRLL, CREMA LALA 900L ROJA,69,1
2023,10,6,23817, CUE1, CUERITOS ENTEROS IMPERIAL 1KG,17.5,1
2023,10,6,23817, EXQAS, EXHIBIDOR QUESO AMARILLO SABINO,119,1
2023,10,6,23818, QUMEVB, QUESO MOLIDO ECONOMICO VANIA (PRO) 5KG,137.5,3
2023,10,6,23818, CRCCHORRO, CREMA IMPERIAL              ,44,3
2023,10,6,23818, JAEA, JAMON ESPALDILLA AROOS (PRO),44,10
2023,10,6,23819, QUMEVB, QUESO MOLIDO ECONOMICO VANIA (PRO) 5KG,137.5,1
2023,10,6,23819, CRZP, CREMA ORDE√ëA (PRO),29,12
2023,10,6,23820, CAT4, CATSUP TITA 4.5KG,89,1
2023,10,6,23821, QUMEVB, QUESO MOLIDO ECONOMICO VANIA (PRO) 5KG,137.5,1
2023,10,6,23822, CRCCHORRO, CREMA IMPERIAL              ,44,1
2023,10,6,23823, QU, QUESO PANELA IMPERIAL 69,45,1
2023,10,6,23824, SAPZC2, SALCHICHA PAVO CAPIS 2.5KG (PRO),134,2
2023,10,6,23824, JAEA, JAMON ESPALDILLA AROOS (PRO),44,4
2023,10,6,23825, CRCCHORRO, CREMA IMPERIAL              ,44,1
2023,10,6,23826, REIO, REQUESON IMPERIAL ORO 47,47,4.28
2023,10,6,23826, TOI, TOCINO IMPERIAL ,112,6
2023,10,6,23826, CAYG, CATSUP YOLI GALON,70,2
2023,10,6,23827, CRCCHORRO, CREMA IMPERIAL              ,44,6
2023,10,6,23828, CRCCHORRO, CREMA IMPERIAL              ,44,1
2023,10,6,23828, CRIO, CREMA IMPERIAL ORO,59,1
2023,10,6,23829, QUPCO, QUESO PANELA ORO 1K CUADRADA 85,85,0.97
2023,10,6,23830, CRE, CREMA EXTRA,34,2
2023,10,6,23831, CRE, CREMA EXTRA,34,1
2023,10,6,23832, CHGV, CHILES GUEROS VITROLERO 3KG,210,3
2023,10,6,23832, PEOV3, PEPINILLO IMPERIAL VITROLERO 3.8KG,65,3
2023,10,6,23833, BASC, BASE SABINO 17KG,158,1
2023,10,6,23834, QUAMK, ADOBERA FUNDIR MOY 1KG 139,139,4.78
2023,10,6,23834, CRE, CREMA EXTRA,34,6
2023,10,6,23835, CHPR, CHICHARRON PRENSADO ROJO (PRO) 129,129,2.67
2023,10,6,23836, SAPZC1, SALCHICHA PAVO CAPIS 1KG (PRO),62,1
2023,10,6,23837, CRIO, CREMA IMPERIAL ORO,59,3
2023,10,6,23838, QU, QUESO PANELA IMPERIAL 69,45,1.115384615
2023,10,6,23839, QUAMM, ADOBERA FUNDIR MOY 1/2KG 139,69.5,10
2023,10,6,23839, QUAM, ADOBERA FUNDIR MOY 1/4KG 139,34.75,18
2023,10,6,23839, QUC1, QUESO COTIJA SECO 1 TROZO 107,107,4
2023,10,6,23840, QUOIP, QUESO OAXACA IMPERIAL PLATO (PRO) 89,89,1
2023,10,6,23840, QUCB, QUESO CREMA IMPERIAL KILO,53,2
2023,10,6,23841, QUOIP, QUESO OAXACA IMPERIAL PLATO (PRO) 89,89,1
2023,10,6,23841, QU, QUESO PANELA IMPERIAL 69,45,2.353846154
2023,10,6,23842, RET, RECORTE TOCINO IMPERIAL,69,1
2023,10,6,23843, QUPCO, QUESO PANELA ORO 1K CUADRADA 85,85,5.56
2023,10,6,23843, CRCCHORRO, CREMA IMPERIAL              ,44,4
2023,10,6,23844, ZAVCP, ZANAHORIAS CASTANEDA CUBETA (PRO),129,1
2023,10,6,23845, REZ, REQUESON ORDENA (PRO) 43,43,0.5
2023,10,6,23845, CRCCHORRO, CREMA IMPERIAL              ,44,3
2023,10,6,23846, CRZP, CREMA ORDE√ëA (PRO),29,2
2023,10,6,23847, LED5, LECHERA ALTE√ëA DUPAOLI 5K CUBETA CHICA,238,1
2023,10,6,23848, CRCCHORRO, CREMA IMPERIAL              ,44,0.5
2023,10,6,23849, ADFRM, ADOBERA FUNDIR RAMIREZ 1/2KG (PRO) 106,53,8
2023,10,6,23849, REIO, REQUESON IMPERIAL ORO 47,47,0.5
2023,10,6,23849, QUC1, QUESO COTIJA SECO 1 TROZO 107,107,0.5
2023,10,6,23850, CRIO, CREMA IMPERIAL ORO,59,0.25